L_T1,L_T2,L_T3,L_T4,L_T5,L_T6,L_T7,F_PU1,F_PU2,F_PU3,F_PU4,F_PU5,F_PU6,F_PU7,F_PU8,F_PU9,F_PU10,F_PU11,F_V2,P_J280,P_J269,P_J300,P_J256,P_J289,P_J415,P_J302,P_J306,P_J307,P_J317,P_J14,P_J422
3.51,2.55,3.6,2.24,1.62,4.97,2.84,93.19,93.21,0,33.97,0,0,48.43,34.46,0,25.17,25.13,0,2.98,36.62,22.44,86.28,22.5,82.83,16.84,79.83,16.56,80.37,39.76,24.2
3.66,1.68,4,2.23,1.98,5.23,3.13,91.44,91.46,0,32.61,0,0,47.71,37.93,0,0,0,0,2.98,37.54,21.81,87.84,21.86,83.52,29.21,85.83,29.21,54.31,41.2,23.54
3.84,0.83,4.44,2.46,2.51,5.47,3.45,90.22,90.24,0,32.52,0,0,46.76,37.87,0,0,0,0,2.98,38.18,21.07,87.25,21.13,84.47,29.89,86.62,29.89,55.2,41.96,22.79
3.81,0.65,4.89,2.93,3.07,5.5,3.95,94.77,94.79,0,32.96,0,0,48.43,37.08,0,0,0,110.76,2.98,35.78,25.77,91.25,25.83,86.16,28.1,86.3,28.1,57.49,28.88,27.98
3.75,1,5.24,3.42,3.67,5.36,4.78,94.8,94.81,0,0,0,0,48.4,33.13,0,23.64,23.6,99.34,2.98,35.76,27.69,76.13,27.65,88.04,18.2,83.38,17.95,85.43,30.34,29.44
3.8,1.56,5.02,4.09,3.79,5.4,3.75,94.44,94.45,0,0,0,0,46.61,0,0,24.67,24.63,97.81,2.98,35.96,28.28,75.67,28.24,91.85,25.9,64.83,25.63,90.68,30.9,30
4,2.28,4.78,4.41,3.42,5.22,2.95,91.79,91.81,0,0,0,0,0,0,0,0,0,85.2,2.98,37.36,32.12,75.38,32.12,67.56,32.84,63.42,32.84,56.2,34.49,33.59
4.21,3.15,4.53,3.35,2.83,5.36,2.87,93.26,93.28,0,0,0,0,0,0,0,0,0,77.8,2.98,36.58,32.24,74.62,32.24,63.78,32.42,62.39,32.42,57.25,34.57,33.67
4.29,3.69,4.26,3.24,2.17,5.48,3.47,94.31,94.32,0,0,0,0,50.47,0,0,0,0,90.79,2.98,36.03,29.71,71.43,29.67,86.07,32.02,62.22,32.02,56.88,32.31,31.41
4.36,4.1,3.86,3.49,1.59,5.36,4.36,94.92,94.94,0,0,0,0,51.07,0,0,27.06,27.02,86.14,2.98,35.7,29.84,70.85,29.8,85.02,24.98,61.22,24.66,83.46,32.42,31.52
4.21,4.45,3.46,3.39,1.8,5.5,4.59,94.55,94.56,0,0,0,0,50.47,38.16,0,0,0,85.09,2.98,35.9,30.17,69.81,30.13,86.55,28.21,84.39,28.21,54.67,32.74,31.84
4.09,4.79,3.03,3.69,2.19,5.5,4.5,94.66,94.68,0,0,0,0,50.98,38.03,0,0,0,82.75,2.98,35.84,30.38,70.69,30.33,85.72,28.11,84.53,28.11,55.6,32.93,32.03
3.98,4.8,3.46,3.72,2.59,5.5,4.29,96.24,96.26,0,36.54,0,0,50.66,34.1,0,22.01,21.97,80.53,2.98,34.99,29.13,88.52,29.2,85.23,18.08,81.65,17.86,88.9,32.11,31.21
3.81,4.75,3.93,3.66,3.09,5.5,2.76,95.69,95.71,0,34.83,0,0,50.48,37.36,0,0,0,84.42,2.98,35.29,29.15,91.54,29.21,85.61,27.72,85.4,27.72,56.98,32.12,31.22
3.7,4.73,4.47,3.74,3.57,5.34,2.75,96.36,96.38,0,36.64,0,0,49.49,33.81,0,24.54,24.5,79.64,2.98,34.93,29.06,88.27,29.14,87.47,16.47,80.55,16.21,81.55,32.03,31.13
3.55,4.68,4.9,4.22,3.86,5.43,3.16,96.01,96.03,0,35.23,0,0,50.18,33.56,0,24.76,24.72,81.04,2.98,35.12,29.05,90.75,29.12,86.11,16.58,81.07,16.31,81.13,32.01,31.11
3.54,4.73,5.23,4.32,3.58,5.25,3.51,95.43,95.45,0,0,0,0,50.51,0,0,26.11,25.99,79.31,2.98,35.42,30.19,72.69,30.15,86.48,24.78,62.6,24.48,86.07,32.72,31.82
3.6,5.05,4.85,4.44,2.84,5.28,3.68,95.09,95.11,0,0,0,0,50.4,0,0,26.58,26.54,78.51,2.98,35.61,30.48,73.61,30.44,87,24.71,61.43,24.41,84.52,33,32.1
3.7,5.61,4.51,3.42,2.03,5.45,4.12,90.74,90.75,0,0,0,0,0,0,0,26.28,26.24,0,2.98,37.91,30.61,73.19,30.61,61.63,26.58,61.14,26.28,87.19,41.47,31.8
4.09,5.22,4.17,3.08,1.58,5.43,4.79,91.72,91.74,0,0,0,0,49.9,34.42,0,24.94,24.91,0,2.98,37.39,28.24,72.05,28.2,85.74,17.96,81.01,17.69,82.04,40.72,29.62
4.32,4.69,3.8,3.35,2.11,5.5,3.47,91.24,91.26,0,0,0,0,50.53,38.35,0,0,0,0,2.98,37.65,27.67,68.36,27.62,83.92,29.52,85.33,29.52,55.38,41.48,29.04
4.5,4.16,3.31,2.99,2.56,5.5,2.35,113.08,0,0,0,0,0,50.22,34.64,0,22.89,22.85,0,2.99,25.72,27.15,69.91,27.11,84.02,18.38,81.03,18.14,87.3,38.2,28.53
4.41,3.54,3.1,2.84,2.95,5.38,2.07,114.68,0,0,35.32,0,0,48.66,33.91,0,25.39,25.35,0,2.99,24.8,23.24,84.79,23.3,83.21,16.14,80.05,15.86,79.11,37.37,25.02
4.18,2.65,3.46,2.75,3.23,5.47,1.82,114.22,0,0,33.91,0,0,48.45,34.02,0,25.15,25.11,0,2.99,25.07,22.54,86.47,22.6,82.9,16.5,80.22,16.22,80.06,37.54,24.3
4.06,1.78,3.88,2.62,3.51,5.24,1.7,113.97,0,0,33.3,0,0,47.85,33.82,0,25.05,25.01,0,2.99,25.21,21.8,86.73,21.86,83.25,16.75,80.82,16.47,80.58,37.64,23.55
3.91,0.92,4.29,2.7,3.82,5.37,1.65,112.32,0,0,32.41,0,0,47.79,37.48,0,0,0,0,2.99,26.15,21.06,87.4,21.11,82.61,28.29,85.74,28.29,54.12,38.5,22.78
3.7,0.58,4.73,2.62,3.58,5.5,2.32,115.9,0,0,32.66,0,0,48.71,0,0,0,0,102.4,2.99,24.11,25.39,91.35,25.44,85.25,30.26,63.6,30.26,56.87,28.43,27.53
3.41,0.77,5.26,3,2.99,5.34,2.83,117.24,0,0,32.83,0,0,47.87,0,0,24.97,24.94,95.03,2.99,23.34,25.4,91.09,25.46,86.82,23.51,63.23,23.24,87.53,28.39,27.49
3.21,1.18,5.16,3.62,2.45,5.21,3.69,116.44,0,0,0,0,0,48.13,0,0,24.75,24.71,87.9,2.99,23.8,27.18,76.15,27.14,88.03,24.04,62.99,23.77,88.61,29.75,28.85
3.03,1.62,4.94,4.28,1.96,5.29,4.97,114.93,0,0,0,0,0,48.55,0,0,0,0,91.02,2.99,24.67,27.78,76.69,27.74,87.84,30.42,62.97,30.42,57.7,30.36,29.46
2.93,2.23,4.77,3.85,1.58,5.38,3.91,115.04,0,0,0,0,0,0,0,0,0,0,69,2.99,24.6,30.5,75.44,30.5,68.18,30.4,62.29,30.4,57.51,32.78,31.88
2.75,2.91,4.53,2.95,2.07,5.27,2.49,118.66,0,0,0,0,0,49.91,32.75,0,23.35,23.32,68.53,2.99,22.53,28.02,74.39,27.98,85.52,15.44,81.23,15.2,83.32,30.48,29.58
2.46,3.16,4.25,3.21,2.75,5.14,3.07,118.76,0,0,0,0,0,49.4,32.55,0,23.95,23.92,65.75,2.99,22.46,28.21,71.66,28.17,86.68,15.05,81.16,14.8,81.54,30.66,29.76
2.16,3.37,3.86,3.66,3.34,5.21,3.31,119.97,0,0,0,0,0,50.29,32.21,0,24.42,24.33,58.29,2.99,21.76,28.24,72.58,28.2,84.96,14.08,80.72,13.81,79.59,30.66,29.76
1.78,3.47,3.52,3.6,3.81,5.38,2.69,119.52,0,0,0,0,0,49.94,36.65,0,0,0,61.55,2.99,22.02,28.41,68.3,28.37,85.82,24.55,83.54,24.55,54.26,30.84,29.94
1.38,3.5,3.04,3.79,3.95,5.48,2.83,118.07,0,0,0,0,0,49.94,0,0,0,0,67.99,2.99,22.86,28.59,67.66,28.55,86.01,28.66,62.48,28.66,54.25,31.05,30.15
1.17,3.39,3.23,3.97,3.14,5.5,2.81,120.08,0,0,36.26,0,0,49,0,0,22.75,22.72,62.88,2.99,21.7,27.37,87.26,27.44,86.71,22.47,62.7,22.24,91.69,30.23,29.33
0.99,3.21,3.66,4.34,2.47,5.43,2.84,98.09,98.11,0,35.42,0,0,49.11,0,0,25.01,24.97,78.25,2.97,34,27.57,88.95,27.64,86.69,22.74,60.4,22.47,86.66,30.51,29.61
1.13,3.38,4.15,3.88,1.58,5.41,3.14,97.08,97.1,0,34.61,0,0,0,0,0,25.87,25.83,72.36,2.97,34.54,29.25,92.01,29.35,58.05,22.81,61.13,22.52,84.53,31.75,30.85
1.17,3.55,4.7,2.79,1.93,5.4,2.98,99.32,99.34,0,34.42,0,0,49.75,33.58,0,24.59,24.56,70.32,2.97,33.33,27.79,90.88,27.85,85.67,13.91,78.36,13.64,78.86,30.67,29.77
1.05,3.42,5.2,3.12,2.17,5.23,3.64,97.79,97.81,0,34.34,0,0,49.9,33.23,0,24.25,24.21,77.03,2.97,34.16,27.78,91.01,27.85,85.37,15.06,80.08,14.8,80.84,30.7,29.8
1.02,3.61,5.03,3.33,2.62,5.38,4.19,97.55,97.57,0,0,0,0,50.57,36.71,0,0,0,73.9,2.97,34.29,28.86,72.93,28.82,85.03,25.47,84.36,25.47,54.99,31.36,30.46
1.02,3.84,4.66,3.33,3.07,5.39,4.53,98.12,98.14,0,0,0,0,49.8,36.25,0,0,0,70.31,2.97,33.98,29,73.49,28.96,86.69,25.33,85.04,25.33,55.84,31.48,30.58
0.98,4.04,4.33,3.73,3.59,5.39,4.46,97.41,97.43,0,0,0,0,50.1,36.38,0,0,0,71.47,2.97,34.37,29.23,72.37,29.19,86.34,25.56,85.04,25.56,55.73,31.71,30.81
1,4.25,3.96,3.98,4.05,5.39,2.68,97.7,97.72,0,0,0,0,50.58,0,0,0,0,70.8,2.97,34.21,29.4,74.21,29.35,85.56,29.03,62.32,29.03,52.79,31.88,30.98
1.04,4.43,3.7,3.95,3.2,5.5,2.31,97.41,97.43,0,0,0,0,50.77,0,0,0,0,70.88,2.97,34.37,29.57,71.17,29.53,85.34,29.16,62.22,29.16,52.01,32.05,31.15
1.14,4.61,3.31,3.85,2.46,5.49,2.24,97.81,97.83,0,0,0,0,50.55,0,0,25.93,25.89,66.08,2.97,34.15,29.63,67.98,29.59,85.84,22.5,59.48,22.21,84.05,32.09,31.19
1.23,4.71,3.06,3.93,1.5,5.5,2.59,99.07,99.09,0,36.67,0,0,50.45,34.1,0,23.6,23.57,64.12,2.97,33.47,28.65,87.81,28.72,85.18,14.51,78.09,14.26,81.81,31.54,30.64
1.08,4.47,3.51,3.83,1.67,5.5,2.84,98.64,98.66,0,35.39,0,0,50.44,33.95,0,22.31,22.27,66.89,2.97,33.7,28.56,90,28.63,85.11,15.54,79.35,15.31,85.72,31.45,30.55
1.02,4.29,4.02,3.74,2.03,5.38,0.43,97.79,97.81,0,35.07,0,0,49.58,33.29,0,24.63,24.59,70.83,2.97,34.16,28.53,90.5,28.59,86.76,14.77,79.71,14.51,79.65,31.42,30.52
1.89,5.17,3.17,3.07,1.56,5.2,2.41,95.91,95.93,0,0,0,0,50.72,0,0,31.03,0,73.35,2.98,35.17,30.4,70.92,30.35,86.28,30.18,59.84,30.18,56.26,32.89,31.99
2.01,5.18,3.28,3.35,1.64,4.77,2.66,96.73,96.75,0,36.37,0,0,50.72,37.35,0,31.06,0,72.55,2.98,34.73,29.37,89.07,29.44,85.37,26.23,83.93,26.23,52.59,32.3,31.4
1.92,5.01,3.77,3.42,2.06,5.02,2.74,96.98,97,0,37.13,0,0,49.42,36.93,0,31.05,0,72.57,2.98,34.6,29.21,87.54,29.29,87.75,26.16,84.65,26.16,55.36,32.14,31.24
1.88,4.86,4.19,3.98,2.58,5.09,3.12,97.09,97.11,0,35.86,0,0,49.97,33.49,0,31.97,0,71.83,2.97,34.54,29.07,89.67,29.14,86.55,15.7,80.29,15.44,81.62,31.98,31.08
1.86,4.72,4.67,4.23,3,5.15,3.84,97.33,97.35,0,35.3,0,0,49.71,33.21,0,31.94,0,71.66,2.97,34.41,28.97,90.54,29.03,86.94,15.47,80.53,15.21,80.66,31.87,30.97
1.82,4.65,5.17,4.35,3.43,5.17,4.5,97.4,97.41,0,35.33,0,0,0,33.24,0,31.3,0,64.78,2.97,34.37,30.12,91.65,30.23,64.56,15.55,80.55,15.29,81.41,32.59,31.69
1.83,5.16,5.05,2.95,3.79,5.27,3.88,97.57,97.59,0,0,0,0,50.57,32.95,0,0,0,64.08,2.97,34.28,30.13,73.57,30.08,86.35,15.49,80.97,15.23,81.18,32.57,31.67
1.82,5.32,4.7,3.29,3.68,5.5,2.53,96.54,96.56,0,0,0,0,50.49,0,0,30.89,0,67.61,2.98,34.83,30.38,72.63,30.33,86.7,24.25,63.18,24,91.16,32.84,31.94
1.97,5.53,4.33,3.63,3,5.4,2.96,94.3,94.32,0,0,0,0,49.61,0,0,31.02,0,0,2.98,36.03,28.57,70.98,28.53,86.62,24.07,61.36,23.76,84.53,38.94,29.94
2.32,5,3.91,3.98,2.17,5.4,3.14,93.43,93.45,0,0,0,0,50.29,0,0,30.23,0,0,2.98,36.49,27.99,71.98,27.95,84.73,24.59,61.05,24.28,84.7,39.54,29.37
2.68,4.47,3.55,3.77,1.56,5.26,3.52,94.92,94.94,0,0,0,0,49.73,34.31,0,30.75,0,0,2.98,35.7,27.5,68.01,27.46,85.32,15.72,78.96,15.45,79.4,38.59,28.87
2.79,3.94,3.06,3.84,1.83,5.37,3.35,91.72,91.74,0,0,0,0,50.09,38.71,0,30.82,0,0,2.98,37.39,26.95,67.07,26.91,84.07,28.57,83.7,28.57,53.23,40.81,28.32
3.02,3.14,3.2,3.4,2.09,5.37,3.02,92.43,92.44,0,34.25,0,0,48.54,38.03,0,30.82,0,0,2.98,37.02,22.98,86.35,23.04,83.16,28.45,84.87,28.45,54.49,40.45,24.74
3.18,2.26,3.62,3.11,2.5,5.5,2.84,90.83,90.85,0,33.51,0,0,47.87,38.51,0,29.5,0,0,2.98,37.86,22.26,86.85,22.32,83.67,29.21,84.71,29.21,55.99,41.43,24.01
3.5,1.4,4.04,3.17,2.86,5.3,3.69,91.35,91.37,0,32.42,0,0,47.25,33.89,0,30.44,0,0,2.98,37.59,21.6,87.93,21.65,84.13,17.69,81.64,17.4,80.25,40.74,23.32
3.76,0.56,4.49,3.38,3.35,5.36,4.84,89.19,89.21,0,31.2,0,0,46.53,37.73,0,0,0,0,2.98,38.72,20.97,89.18,21.02,84.78,30.39,87.37,30.39,57.32,42.56,22.67
3.68,0.77,5.01,3.79,3.93,5.36,3.67,94.77,94.79,0,32.46,0,0,47.32,36.39,0,0,0,109.57,2.98,35.78,25.93,92.2,25.98,88.34,28.11,87.58,28.11,57.74,29.01,28.11
3.71,1.15,5.36,4.53,3.78,5.48,2.81,92.86,92.88,0,0,0,0,0,0,0,0,0,86.83,2.98,36.79,31.16,76.75,31.16,68.81,32.25,64.95,32.25,58.48,33.54,32.64
3.98,2.06,5.17,3.63,3.44,5.15,3.2,93.79,93.81,0,0,0,0,0,0,0,31.91,0,79.57,2.98,36.3,31.32,75.88,31.32,67.32,26.11,63.99,25.84,90.46,33.66,32.76
4.17,2.8,4.93,3.25,2.96,5.09,4.42,92.88,92.89,0,0,0,0,49.76,0,0,31.01,0,98.83,2.98,36.78,29.36,72.46,29.32,87.12,32.41,63.62,32.41,57.39,32,31.1
4.25,3.28,4.55,3.72,2.5,5.5,4.28,95.17,95.19,0,0,0,0,49.86,0,0,0,0,89.41,2.98,35.57,29.27,74.81,29.23,86.84,26.29,62.52,26.05,93.73,31.85,30.95
4.17,3.7,4.28,4.07,1.91,5.5,2.96,94.3,94.32,0,0,0,0,50.43,0,0,0,0,89.71,2.98,36.03,29.66,66.45,29.62,86.12,29.15,59.64,29.03,72.88,32.25,31.35
4.13,4.1,3.72,4.18,1.65,5.5,2.42,96.29,96.3,0,0,0,0,50.38,36.12,0,31.64,0,80.87,2.98,34.97,29.63,69.8,29.59,86.18,21.18,81.18,21.07,67.9,32.17,31.27
3.91,4.41,3.29,4.28,1.97,5.5,3.47,95.2,95.21,0,0,0,0,50.47,35.7,0,30.39,0,82.23,2.98,35.55,30,70.18,29.96,86.37,21.96,82.71,21.85,70.59,32.55,31.65
4.6,4.22,3.86,3.47,2.56,5.23,2.95,90.26,90.27,0,0,0,0,0,36.18,0,31.62,0,0,2.98,38.16,29.22,71.32,29.22,62.56,23.87,83.77,23.75,68.34,41.97,30.41
4.81,3.96,3.47,2.8,3.07,5.45,3.16,91,91.01,0,0,0,0,49.93,36.38,0,31.75,0,0,2.98,37.78,26.98,70.75,26.94,84.42,23.52,83.07,23.4,67.56,41.63,28.35
4.97,3.43,3.08,2.86,3.42,5.5,3.13,90.6,90.61,0,0,0,0,49.81,36.33,0,31.19,0,0,2.98,37.98,26.46,69.31,26.41,84.13,23.94,83.57,23.83,69.89,41.9,27.83
5.14,2.61,3.34,2.82,3.8,5.5,3.36,90.31,90.32,0,33.62,0,0,48.38,36.42,0,31.18,0,0,2.98,38.14,22.54,86.96,22.6,83.02,24.13,83.6,24.02,70.12,42.1,24.29
5.37,1.74,3.77,2.7,3.68,5.5,3.64,89.29,89.31,0,33.45,0,0,47.9,0,0,33.09,0,0,2.98,38.67,21.75,86.44,21.81,83.11,31.91,62.12,31.78,71.11,43.06,23.49
5.66,0.88,4.18,2.72,2.86,5.5,3.83,88.47,88.48,0,33.43,0,0,47.58,0,0,33.07,0,0,2.98,39.1,20.93,85.65,20.99,82.86,32.43,61.79,32.3,71.72,43.61,22.67
5.73,0.64,4.56,2.75,2.1,5.5,4.07,93.72,93.73,0,35.35,0,0,49.37,0,0,32.21,0,118.23,2.98,36.34,25.9,87.4,25.96,84.52,30.38,60.82,30.26,72.8,29.11,28.21
5.5,0.97,4.97,2.91,1.6,5.5,4.5,95.66,95.68,0,35.34,0,0,49.75,36.5,0,30.71,0,109.39,2.98,35.3,25.84,87.37,25.91,83.74,21.99,81.31,21.88,69.57,28.99,28.09
5.14,1.22,5.35,2.8,1.9,5.5,4.43,95.16,95.18,0,0,0,0,50.5,36.56,0,31.14,0,100.83,2.98,35.57,27.85,71.06,27.81,84.16,22.12,81.34,22.01,68.24,30.52,29.62
4.84,1.74,4.9,2.73,2.16,5.5,4.02,95.1,95.11,0,0,0,0,50.84,36.39,0,31.1,0,98.34,2.98,35.6,28.19,69.11,28.15,83.83,22.15,81.68,22.03,68.41,30.84,29.94
4.58,2.23,4.4,2.52,2.45,5.5,3.75,95.78,95.8,0,0,0,0,50.93,36.22,0,30.73,0,93.76,2.98,35.24,28.4,70.89,28.35,83.86,21.79,81.62,21.68,69.29,31.02,30.12
4.3,2.68,3.98,2.38,2.72,5.5,3.78,95.3,95.32,0,0,0,0,50.91,35.67,0,30.9,0,92.63,2.98,35.5,28.77,68.73,28.73,84.26,22.11,82.91,21.99,69.04,31.39,30.49
4.08,3.11,3.5,2.39,3.16,5.5,3.72,95.38,95.4,0,0,0,0,50.99,35.85,0,30.87,0,89.91,2.98,35.45,29.05,69.15,29.01,84.38,21.95,82.43,21.84,68.98,31.64,30.74
3.87,3.51,3.05,2.42,3.48,5.5,3.67,95.8,95.82,0,0,0,0,50.98,35.46,0,31.04,0,86.23,2.98,35.23,29.26,68.65,29.22,84.61,21.7,82.87,21.58,68.17,31.83,30.93
3.64,3.58,3.39,2.47,3.85,5.5,3.44,95.77,95.78,0,35.39,0,0,50.3,35.19,0,30.52,0,91.83,2.98,35.25,28.01,89.44,28.08,84.82,21.85,83.49,21.74,70.05,31.04,30.14
3.51,3.66,3.89,2.65,3.71,5.5,3.76,95.22,95.24,0,34.87,0,0,50.29,0,0,31.16,0,94.12,2.98,35.54,28.13,90.45,28.2,84.97,28.88,62.69,28.76,74.95,31.17,30.27
3.47,3.75,4.41,2.83,2.96,5.5,4.67,94.21,94.23,0,34.81,0,0,49.34,0,0,30.73,0,96.34,2.98,36.08,28.29,90.72,28.36,86.98,29.21,62.72,29.1,76.71,31.33,30.43
3.64,3.91,4.92,3.37,2.33,5.25,3.65,93.69,93.71,0,33.79,0,0,49.16,0,0,0,0,98.3,2.98,36.35,28.54,92.67,28.6,87.55,32.1,62.36,32.1,58.9,31.57,30.67
3.83,4.16,5.22,3.94,1.75,4.93,2.32,93.35,93.36,0,0,0,0,49.08,0,0,32.37,0,89.86,2.98,36.54,30.22,76.08,30.18,89.29,29.5,62.5,29.37,71.33,32.8,31.9
3.38,4.65,4.99,4.3,1.81,5.29,3.2,92.85,92.86,0,0,0,0,0,35.43,0,30.52,0,70.21,2.98,36.8,33.03,76.18,33.03,68.69,23.16,84.38,23.05,71.37,35.32,34.42
3.44,5.39,4.78,3.41,2.52,5.5,4.31,92.22,92.23,0,0,0,0,0,35.51,0,28.77,0,68.42,2.98,37.13,33.61,76.42,33.61,66.67,23.86,84.94,23.76,77.61,35.89,34.99
3.84,5.18,4.6,3.37,3.26,5.37,4.19,87.98,88,0,0,0,0,49.17,38.06,0,0,0,0,2.98,39.35,28.26,75.03,28.22,87.16,31.37,87.74,31.37,58.95,43.52,29.63
4.24,4.66,4.35,3.88,3.92,5.04,2.76,87.76,87.77,0,0,0,0,48.99,38.15,0,0,0,0,2.98,39.47,27.75,71.57,27.71,86.98,31.63,87.82,31.63,57.17,43.75,29.12
4.65,4.15,3.95,4.3,3.49,5.23,2.95,88.45,88.46,0,0,0,0,49.51,0,0,33.36,0,0,2.98,39.11,27.19,72.14,27.15,85.45,32.17,62.13,32.04,70.36,43.49,28.57
5,3.62,3.6,4.31,2.69,5.5,3.52,89.51,89.53,0,0,0,0,49.44,0,0,32.55,0,0,2.98,38.55,26.67,72.12,26.63,85.06,31.95,61.67,31.82,73.15,42.97,28.05
5.28,3.1,3.25,4.21,1.94,5.5,4.11,89.11,89.13,0,0,0,0,49.18,0,0,32.11,0,0,2.98,38.76,26.17,70.99,26.13,85.05,32.33,60.86,32.21,75.08,43.28,27.54
5.5,2.46,3.15,4.16,1.69,5.5,4.85,88.55,88.57,0,32.74,0,0,47.5,38.84,0,0,0,0,2.98,39.05,22.59,88.42,22.65,84.67,31.65,86.53,31.65,56.88,43.59,24.32
5.05,1.53,3.63,4.24,2.24,5.07,2.79,88.98,89,0,32.89,0,0,47.45,39.26,0,0,0,0,2.98,38.83,21.65,87.24,21.71,83.83,31.19,85.23,31.19,56.99,43.22,23.38
5.23,0.68,4.07,4.09,2.59,5.21,2.81,88.69,88.71,0,31.98,0,0,46.94,36.42,0,32,0,0,2.98,38.98,20.96,87.97,21.01,84.05,24.96,84.42,24.84,68.1,43.16,22.67
5.06,0.78,4.56,4.17,3.12,5.4,2.93,94.89,94.91,0,34.63,0,0,48.81,36.04,0,31.35,0,112.43,2.98,35.71,25.86,88.6,25.92,85.54,22.45,82.6,22.33,67.86,29.01,28.11
4.74,1.08,5,4.31,3.44,5.5,3.11,94.15,94.17,0,33.86,0,0,49.12,35.8,0,30.47,0,112.78,2.98,36.11,26.2,90.21,26.26,85.3,23.13,83.71,23.02,71.5,29.34,28.44
4.49,1.46,5.28,4.33,3.88,5.5,3.66,93.92,93.94,0,0,0,0,49.64,35.56,0,30.54,0,102.69,2.98,36.23,28.29,73.54,28.25,86.29,23.25,84.25,23.14,71.38,30.96,30.06
4.4,2.03,4.93,4.51,3.49,5.5,4.21,93.13,93.15,0,0,0,0,0,0,0,32.24,0,83.82,2.98,36.65,31.72,74.34,31.72,63.64,30.23,63.05,30.11,72.53,34.08,33.18
4.42,2.9,4.62,3,2.83,5.5,4.62,93.39,93.41,0,0,0,0,50.3,0,0,31.84,0,98.38,2.98,36.51,29.39,72.9,29.35,86.09,30.25,62.23,30.13,73.96,32.04,31.14
4.46,3.41,4.27,3.31,2.14,5.32,4.03,94.05,94.07,0,0,0,0,50.64,0,0,0,0,95.05,2.98,36.16,29.66,71.65,29.62,85.71,32.88,59.83,32.88,57.72,32.29,31.39
4.42,3.86,3.88,3.47,1.6,4.94,2.36,94.2,94.22,0,0,0,0,50.83,36.87,0,31.8,0,90.7,2.98,36.08,29.86,69.43,29.82,85.52,22.4,81.07,22.29,66.38,32.46,31.56
4.22,4.28,3.42,3.53,1.84,5.01,2.05,95.03,95.05,0,0,0,0,51.01,36.36,0,31.83,0,85.81,2.98,35.64,30,67.4,29.96,85.3,21.97,81.55,21.85,65.72,32.57,31.67
3.99,4.63,2.91,3.49,2.15,4.94,1.47,94.7,94.71,0,38.01,0,0,50.98,36.31,0,31.63,0,90.61,2.98,35.82,28.99,86.27,29.07,84.46,22.16,81.83,22.05,66.59,32.06,31.16
3.79,4.65,3.32,3.21,2.47,5.07,1.51,95.72,95.74,0,36.93,0,0,50.45,35.73,0,31.57,0,85.97,2.98,35.27,29.01,87.7,29.08,85.55,21.66,82.36,21.54,66.3,32.03,31.13
2.54,4.63,3.76,3.38,2.88,5.16,1.42,94.69,94.71,0,36.05,0,0,49.84,35.79,0,31.49,0,89.74,2.98,35.82,29.03,89.29,29.1,86.74,22.18,82.78,22.07,67.1,32.05,31.15
2.39,4.67,4.25,3.77,3.27,5.32,1.63,94.52,94.54,0,35.53,0,0,49.79,35.21,0,31.47,0,89.76,2.98,35.91,29.08,90.26,29.15,86.9,22.36,83.97,22.24,67.36,32.09,31.19
2.26,4.71,4.74,4.13,3.81,5.5,1.86,94.09,94.11,0,34.2,0,0,49.17,34.69,0,31.18,0,90.6,2.98,36.14,29.18,92.63,29.25,88.19,22.72,85.23,22.6,68.7,32.17,31.27
2.27,4.9,5.3,4.26,3.91,5.5,2.73,92.39,92.4,0,0,0,0,0,0,0,31.13,0,71.13,2.98,37.04,33.36,76.19,33.36,69.23,30.06,64.63,29.95,76.21,35.65,34.75
2.46,5.64,5.07,3.47,3.46,5.5,3.93,86.36,86.37,0,0,0,0,0,0,0,30.82,0,0,2.98,40.19,30.64,76.48,30.64,67.69,33.06,64.31,32.95,80.26,44.5,31.83
3.02,5.39,4.88,3.36,3.04,5.41,4.39,84.74,84.76,0,0,0,0,48.47,0,0,0,0,0,2.98,41.02,28.52,73.8,28.48,88.73,36.93,63.94,36.93,61.75,45.97,29.88
3.61,4.88,4.55,4.11,2.64,5.24,3.78,85.44,85.45,0,0,0,0,49,0,0,0,0,0,2.98,40.66,27.96,75.25,27.93,87.19,36.85,63.03,36.85,60.67,45.66,29.33
4.15,4.4,4.31,4.42,2.12,5.01,2.96,86.29,86.31,0,0,0,0,0,0,0,0,0,0,2.98,40.22,29.4,74.84,29.4,67.75,36.7,61.58,36.7,56.17,45.25,30.59
4.5,4.4,4.07,3.38,1.55,5.07,2.65,68.84,68.85,0,0,0,0,0,40.71,0,35.46,0,0,2.99,48.88,29.4,74.16,29.4,60.85,39.4,90.61,39.25,69.39,58.49,30.59
4.5,4,3.8,2.98,2.39,5.31,2.8,82.53,82.54,0,0,0,0,50.06,38.94,0,33.44,0,0,2.98,42.15,27.01,67.84,26.96,84.19,30.07,84.82,29.94,67.99,48.72,28.38
4.5,3.47,3.29,2.93,2.77,5.46,2.72,80.19,80.21,0,0,0,0,49.38,38.85,0,33.79,0,0,2.98,43.33,26.52,69.24,26.48,85.01,31.84,86.77,31.71,68.41,50.46,27.89
4.5,2.85,3.06,3.14,3.32,5.5,2.89,72.36,72.37,0,34.06,0,0,47.42,40.5,0,33.51,0,0,2.99,47.19,22.84,86.52,22.91,85.08,37.44,89.08,37.31,75.1,56.08,24.59
4.5,1.99,3.49,3.5,3.89,5.5,3.76,60.17,60.18,0,32.83,0,0,47.55,42,0,34.82,0,0,2.99,52.91,22.11,87.79,22.17,84.1,45.34,93.87,45.2,77.9,64.23,23.84
4.5,1.14,3.95,3.61,3.52,5.44,4.49,38.92,38.92,0,34.14,0,0,46.75,0,0,0,0,0,3,61.88,21.2,84.75,21.26,84.62,71.11,63.05,71.11,60.74,77.41,22.94
4.48,0.6,4.29,3.9,2.86,5.2,3.46,92.39,92.41,0,34.32,0,0,49.19,0,0,0,0,122.39,2.98,37.04,26.15,89.4,26.21,85.11,33.92,61.37,33.92,55.73,29.38,28.48
4.4,1,4.77,3.96,2.04,5.09,2.58,92.93,92.95,0,33.95,0,0,49,0,0,33.39,0,118.45,2.98,36.75,26.38,90.24,26.44,85.71,30.66,61.65,30.53,68.75,29.57,28.67
4.25,1.36,5.27,4.16,1.39,5.32,2.8,93.59,93.61,0,34.75,0,0,48.92,36.36,0,31.41,0,113.79,2.98,36.41,26.48,89.01,26.55,85.96,23.23,82.83,23.11,68.44,29.65,28.75
4.01,1.88,5.07,4.39,1.9,5.5,3.14,93.47,93.49,0,0,0,0,49.43,36.47,0,30.42,0,102.55,2.98,36.47,28.71,72.86,28.68,87.13,23.48,82.86,23.37,72.02,31.39,30.49
3.85,2.66,4.69,3.61,2.36,5.5,3.78,93.09,93.11,0,0,0,0,0,36.38,0,30.22,0,81.35,2.98,36.67,32.1,73.26,32.1,64.11,23.69,83.24,23.58,72.87,34.45,33.55
3.67,3.31,4.35,3.18,2.81,5.5,4.46,95.5,95.51,0,0,0,0,50.95,35.92,0,30.54,0,90.07,2.98,35.39,29.26,70.43,29.22,84.69,22.25,82.61,22.14,70.4,31.86,30.96
5.37,3.71,3.91,3.09,3.18,5.5,4.59,94.46,94.48,0,0,0,0,51.35,35.87,0,30.61,0,90.83,2.98,35.94,29.68,69.23,29.64,84.29,22.8,83.25,22.69,70.7,32.29,31.39
2.8,2.97,4.18,4.05,2.52,5.1,2.57,93.05,93.07,0,0,0,0,50.25,0,0,32.92,0,90.63,2.98,36.69,28.99,71.09,28.95,85.8,28.57,61.52,28.45,68.41,31.59,30.69
3.4,3.39,3.77,4.12,1.77,5.32,2.75,91.45,91.47,0,0,0,0,50.23,0,0,32.92,0,88.53,2.98,37.54,29.3,70.73,29.26,86.16,28.57,60.7,28.44,68.4,31.88,30.98
3.35,3.77,3.37,4.26,1.76,5.49,2.81,91.52,91.54,0,0,0,0,50.58,36.19,0,31.28,0,83.07,2.98,37.5,29.39,66.39,29.35,85.55,21.13,81.01,21.01,66.79,31.94,31.04
3.77,4.02,3.06,4.16,2.04,5.5,2.61,92.84,92.86,0,37.24,0,0,50.55,36.02,0,31.24,0,82.27,2.97,36.8,28.34,86.46,28.42,84.67,20.47,80.65,20.35,66.26,31.34,30.44
4.16,3.95,3.47,3.76,2.25,5.45,2.09,92.71,92.73,0,36.84,0,0,50.45,35.91,0,31.15,0,85.48,2.98,36.87,28.31,87.16,28.39,84.84,20.92,81.29,20.8,67.01,31.33,30.43
4.32,3.93,3.89,3.61,2.53,5.5,2.22,91.27,91.28,0,35.12,0,0,49.59,35.17,0,30.64,0,89.27,2.98,37.63,28.35,90.24,28.42,86.56,21.7,83.39,21.59,69.49,31.35,30.45
3.88,3.98,4.4,3.97,3.09,5.5,2.58,94.99,95.01,0,33.86,0,0,48.71,34.8,0,29.42,0,88.52,2.98,35.66,28.45,92.46,28.51,88.31,22.03,84.35,21.93,73.76,31.41,30.51
3.82,4.09,4.97,4.36,3.72,5.5,3.61,95.57,95.59,0,34.13,0,0,0,34.64,0,28.88,0,78.5,2.98,35.35,30.35,93.92,30.45,67.96,22.3,84.89,22.21,75.71,32.87,31.97
3.68,4.63,5.34,3.36,3.8,5.49,4.75,94.51,94.53,0,0,0,0,0,0,0,0,0,72.13,2.98,35.91,33.18,76.45,33.18,68.43,32.25,64.51,32.25,61.21,35.48,34.58
3.99,5.2,5.13,3.47,3.35,5.27,3.79,91.93,91.95,0,0,0,0,48.9,0,0,0,0,86.81,2.98,37.28,31.1,76.69,31.06,90.51,32.24,64.49,32.24,60.69,33.66,32.76
4.1,5.38,4.95,4.37,3.01,5.04,2.97,93.3,93.32,0,0,0,0,47.77,0,0,0,0,0,2.98,36.56,28.55,76.41,28.51,90.06,36.18,64.02,36.18,59.65,45.37,29.91
4.54,5.3,4.76,3.84,2.63,4.94,2.56,93.95,93.97,0,0,0,0,0,0,0,32.92,0,0,2.98,36.22,30.3,75.6,30.3,68.05,32.25,63.3,32.13,72.09,43.85,31.49
4.42,5.3,4.53,2.92,2.17,5.34,3.54,93.14,93.16,0,0,0,0,49.17,0,0,33.02,0,0,2.98,36.64,28.37,74.68,28.34,87.27,32.5,62.8,32.37,71.98,44.04,29.74
4.55,4.78,4.26,3.5,1.7,5.5,4.55,114.87,0,0,0,0,0,49.47,0,0,31.94,0,0,2.98,24.7,27.83,73.53,27.79,86.17,32.66,61.52,32.54,76.02,43.91,29.2
4.12,4.26,3.95,3.82,1.71,5.26,3.69,116.86,0,0,0,0,0,49.62,38.97,0,0,0,0,2.98,23.56,27.3,71.9,27.26,85.34,31.44,86.07,31.44,56.1,43.54,28.67
3.87,3.73,3.58,3.9,2.26,5.07,2.54,117.93,0,0,0,0,0,49.33,36.64,0,31.94,0,0,2.98,22.94,26.79,70.28,26.75,85.39,24.14,83.21,24.02,67.49,42.31,28.16
3.38,3.21,3.17,4,2.7,5.24,2.56,117.5,0,0,0,0,0,49.14,36.82,0,31.96,0,0,2.98,23.19,26.28,69.39,26.24,85.24,24.47,83.21,24.35,67.75,42.72,27.65
2.76,2.47,3.25,4.04,3.06,5.42,2.65,118.51,0,0,33.95,0,0,47.6,36.06,0,32.06,0,0,2.98,22.61,22.45,86.33,22.52,84.36,24.49,84.61,24.37,67.42,42.52,24.2
2.49,1.61,3.66,4.08,3.64,5.5,2.67,118.64,0,0,33.74,0,0,47.42,39.31,0,33.36,0,0,2.98,22.54,21.64,85.86,21.7,83.86,33.49,87.52,33.36,71.69,52.02,23.38
2.25,0.75,4.05,3.99,3.79,5.5,3.19,117.5,0,0,33.05,0,0,47.05,0,0,37.35,0,0,2.99,23.19,20.9,86.23,20.96,83.8,54.85,62.53,54.69,76.86,65.16,22.63
1.84,0.52,4.47,4,3.01,5.5,3.73,118.65,0,0,34.66,0,0,48.99,0,0,32.86,0,118.97,2.98,22.53,25.88,88.55,25.94,85.22,30.38,61.28,30.26,70.45,29.08,28.18
1.6,0.88,4.91,4.08,2.16,5.5,3.79,117.26,0,0,35.36,0,0,49.32,0,0,32.67,0,115.35,2.98,23.33,26.01,87.48,26.08,84.74,29.98,60.84,29.85,70.73,29.2,28.3
1.63,1.19,5.29,3.98,1.56,5.5,3.89,118.99,0,0,0,0,0,50.02,36.85,0,31.06,0,100.46,2.98,22.33,27.84,70.02,27.8,85.09,21.99,80.67,21.88,68.4,30.5,29.6
1.19,1.72,4.81,3.91,1.75,5.5,3.65,119.77,0,0,0,0,0,50.14,36.59,0,31.31,0,97.44,2.98,21.88,28.16,69.17,28.12,85.18,21.85,81.02,21.74,67.39,30.8,29.9
0.9,2.21,4.32,3.86,1.99,5.5,3.21,120.96,0,0,0,0,0,50.31,36.49,0,31.04,0,96.44,2.98,21.19,28.57,69.95,28.53,85.25,22.23,81.57,22.12,68.69,31.21,30.31
0.92,2.68,3.86,3.82,2.28,5.5,3.19,97.63,97.65,0,0,0,0,50.31,36.19,0,30.79,0,91.92,2.98,34.24,28.78,68.21,28.74,85.46,21.9,81.79,21.79,69.19,31.38,30.48
0.73,3.11,3.37,3.85,2.59,5.5,3.31,98.79,98.81,0,0,0,0,50.37,35.9,0,31.13,0,90.9,2.98,33.62,29.15,70.02,29.11,85.72,22.12,82.52,22,68.29,31.75,30.85
0.88,3.53,2.95,3.92,2.98,5.5,3.17,98.37,98.39,0,37.19,0,0,49.99,35.61,0,30.62,0,94.7,2.98,33.85,27.95,86.18,28.03,85.38,22.11,83.01,22,69.99,31.02,30.12
0.55,3.61,3.35,3.95,3.41,5.5,3.45,98.74,98.76,0,35.71,0,0,49.72,35.38,0,30.71,0,94.63,2.98,33.65,28.07,88.94,28.14,86.02,22.22,83.53,22.11,69.79,31.12,30.22
0.64,3.7,3.84,4.13,3.87,5.5,3.64,97.86,97.88,0,35.09,0,0,49.4,35.6,0,30.1,0,90.63,2.98,34.12,28.14,90.08,28.21,86.72,21.79,82.72,21.69,71.38,31.14,30.24
0.8,3.78,4.35,4.44,3.58,5.5,4.2,96.72,96.74,0,35.17,0,0,49.27,0,0,30.55,0,93.77,2.98,34.74,28.26,90.07,28.33,87.08,29.03,63.3,28.92,77.12,31.29,30.39
1.24,4.21,4.85,3.41,2.95,5.37,4.21,96.82,96.84,0,34.96,0,0,0,0,0,0,0,86.16,2.98,34.68,30.89,93.06,30.99,66.3,32.31,63.28,32.31,58.47,33.47,32.57
1.16,4.54,5.4,3.15,2.42,5.02,2.66,96.43,96.45,0,0,0,0,49.54,0,0,0,0,91.69,2.98,34.89,30.67,76.31,30.63,88.86,32.68,63.26,32.68,58.96,33.27,32.37
1.63,4.95,5.18,3.88,2,5.3,3.29,94.85,94.87,0,0,0,0,48.84,0,0,32.06,0,87,2.98,35.74,30.87,77.29,30.83,90.4,29.76,63.05,29.64,72.69,33.43,32.53
1.48,5.44,5.04,4.33,1.63,5.5,4.54,94.89,94.91,0,0,0,0,0,0,0,30.07,0,69.08,2.98,35.71,33.72,75.16,33.72,69.79,30.4,62.12,30.29,80.05,36.01,35.11
1.85,5.5,4.77,3.62,2.05,5.33,4.04,92.13,92.15,0,0,0,0,0,38.41,0,0,0,0,2.98,37.18,30.5,74.59,30.5,66.87,31.05,86.75,31.05,60.11,43.15,31.69
2.31,5.37,4.49,2.99,2.7,5.06,2.95,92.56,92.58,0,0,0,0,49.62,38.23,0,0,0,0,2.98,36.95,28.41,73.97,28.37,86.44,31.21,87.25,31.21,54.99,43.22,29.78
2.53,4.84,4.19,3.41,3.3,5.07,2.45,91.79,91.81,0,0,0,0,48.92,36.26,0,32.09,0,0,2.98,37.36,27.94,70.54,27.9,87.3,23.81,83.57,23.68,66.64,41.95,29.3
3.02,4.33,3.76,3.94,3.7,5.15,2.16,91.7,91.71,0,0,0,0,49.29,36.32,0,31.77,0,0,2.98,37.41,27.39,69.94,27.35,86.06,24.13,83.77,24.01,68.08,42.21,28.76
3.46,3.8,3.32,4.18,4.06,5.37,2.46,90.53,90.55,0,0,0,0,49.04,0,0,34,0,0,2.98,38.02,26.89,69.98,26.85,86.02,32.68,63.01,32.55,68.47,44.15,28.26
3.84,3.21,3.1,4.37,3.3,5.5,2.61,91.32,91.34,0,34.12,0,0,47.98,0,0,32.21,0,0,2.98,37.6,23.12,86.71,23.19,84.35,33.24,63.48,33.12,75.64,44.41,24.88
3.93,2.34,3.53,4.26,2.75,5.5,3.92,91.83,91.84,0,33.85,0,0,46.75,0,0,37.3,0,0,2.99,37.34,22.43,86.46,22.49,85.85,55.65,61.45,55.49,77.91,65.91,24.16
4.06,1.6,3.95,4.24,1.96,5.5,4.72,91.31,91.32,0,35.1,0,0,0,0,0,36.34,0,0,2.99,37.61,25.47,87.39,25.57,61.11,52.7,59.65,52.55,79.07,62.94,26.86
4.52,1.11,4.36,2.92,1.76,5.22,3.58,94.9,94.92,0,32.87,0,0,47.49,45.14,0,0,0,0,2.99,35.71,21.23,86.85,21.29,83.34,53.79,95.27,53.79,56.18,65.32,22.96
4.01,0.56,4.77,3.01,2.49,5.07,2.58,95.47,95.49,0,33.83,0,0,48.96,35.81,0,31.19,0,114.03,2.98,35.4,25.74,89.81,25.8,85.14,22.68,83.25,22.57,68.64,28.89,27.99
3.91,0.88,5.25,3.28,2.98,5.33,2.99,95.8,95.82,0,34.21,0,0,49.06,35.97,0,31.43,0,114.58,2.98,35.23,26.06,89.49,26.12,85.26,23.02,83.3,22.9,68.16,29.22,28.32
3.58,1.44,4.96,3.53,3.41,5.5,3.2,95.14,95.16,0,0,0,0,50.03,35.43,0,30.61,0,102.87,2.98,35.58,28.25,71.69,28.21,85.5,23.28,84.5,23.16,71.17,30.93,30.03
2.43,1.99,4.55,3.67,3.97,5.5,3.68,89.84,89.86,0,0,0,0,49.82,35.47,0,30.34,0,99.98,2.98,38.38,28.62,72.45,28.58,86.26,23.25,84.41,23.14,72.03,31.28,30.38
2.92,2.53,4.18,3.94,3.6,5.5,4.34,93.05,93.07,0,0,0,0,50.64,0,0,32.01,0,99.49,2.98,36.69,29.07,72.57,29.03,85.11,30.13,61.59,30.01,73.24,31.73,30.83
3.33,3.04,3.83,3.8,2.72,5.5,4.86,91.45,91.47,0,0,0,0,50.73,0,0,0,0,97.42,2.98,37.54,29.44,70.39,29.39,85.29,32.89,60.9,32.89,57.45,32.08,31.18
3.47,3.53,3.41,3.73,1.86,5.08,2.91,91.52,91.54,0,0,0,0,50.93,0,0,0,0,94.63,2.98,37.5,29.74,66.38,29.7,85.19,32.88,60.17,32.88,52.98,32.37,31.47
3.72,3.87,3.09,3.62,1.69,5.02,2.11,92.84,92.86,0,36.69,0,0,50.65,36.29,0,31.41,0,93.24,2.98,36.8,28.27,87.39,28.34,84.4,21.85,81.56,21.73,67.04,31.33,30.43
4.08,3.92,3.53,3.33,2.04,5.17,2.16,92.71,92.73,0,36.84,0,0,50.06,35.86,0,31.33,0,94.22,2.98,36.87,28.34,87.19,28.42,85.64,22.2,82.67,22.08,67.67,31.41,30.51
4.06,4,3.95,3.53,2.51,5.37,2.39,91.27,91.28,0,35,0,0,49.93,35.82,0,31.39,0,94.83,2.98,37.63,28.49,90.58,28.55,86.02,22.38,82.92,22.27,67.67,31.52,30.62
3.93,4.1,4.47,3.77,2.96,5.5,2.6,94.99,95.01,0,34.16,0,0,49.4,35.56,0,30.63,0,94.56,2.98,35.66,28.62,92.15,28.69,87.19,22.7,83.7,22.59,70.52,31.64,30.74
3.84,4.21,5.02,4.21,3.48,5.5,3.07,95.57,95.59,0,33.94,0,0,49.25,35.06,0,30.03,0,94.08,2.98,35.35,28.74,92.63,28.8,87.58,22.99,84.86,22.88,72.79,31.75,30.85
3.81,4.59,5.16,4.08,3.92,5.5,3.88,94.51,94.53,0,0,0,0,0,0,0,30.68,0,72.05,2.98,35.91,33.13,75.84,33.13,69.29,30.08,64.65,29.97,77.74,35.43,34.53
3.89,5.35,4.93,3.32,3.48,5.43,4.48,91.93,91.95,0,0,0,0,0,0,0,0,0,75.93,2.98,37.28,34.26,76.31,34.26,68.6,33.73,64.28,33.73,60.52,36.58,35.68
4,5.21,4.73,3.5,3.05,5.18,3.39,93.3,93.32,0,0,0,0,48.3,0,0,0,0,0,2.98,36.56,28.35,75.33,28.31,88.87,36.6,63.82,36.6,59.46,45.47,29.71
4.2,4.7,4.49,4.26,2.61,5.02,2.69,93.95,93.97,0,0,0,0,48.38,0,0,33.14,0,0,2.98,36.22,27.83,75.64,27.79,88.22,33.48,62.6,33.35,72.53,45.04,29.19
4.67,4.49,4.28,3.87,2.02,5.43,3.71,93.14,93.16,0,0,0,0,0,0,0,33.45,0,0,2.98,36.64,29.49,71.22,29.49,67.16,32.77,62.09,32.64,70.66,44.1,30.68
4.21,4.43,3.87,3.04,1.44,5.5,4.47,114.87,0,0,0,0,0,49.84,41.98,0,32.55,0,0,2.99,24.7,27.45,70.39,27.41,85.07,38.95,87.52,38.83,80.15,57.63,28.83
4.11,3.9,3.45,3.2,2.02,5.3,3.89,116.86,0,0,0,0,0,50.02,45.62,0,0,0,0,2.99,23.56,26.91,67.89,26.87,84.17,53.26,93.63,53.26,53.86,64.9,28.28
3.76,3.34,3.03,3.08,2.62,4.96,2.1,117.93,0,0,34.06,0,0,48.43,39.86,0,34.14,0,0,2.98,22.94,23.21,86.91,23.28,83.61,32.87,85.79,32.73,68.11,51.78,24.97
3.24,2.46,3.47,3.07,2.98,5.15,2.16,117.5,0,0,33.06,0,0,48.43,40.58,0,34.7,0,0,2.99,23.19,22.46,87.77,22.52,82.85,38.26,89.75,38.12,71.33,57.19,24.2
2.94,1.6,3.93,2.81,3.64,5.5,2.9,118.51,0,0,31.17,0,0,46.12,39.68,0,34.37,0,0,2.99,22.61,22.06,90.33,22.12,86.57,36.64,89.95,36.51,71,55.35,23.75
2.26,0.79,4.46,3.52,4.01,5.5,3.9,118.64,0,0,32.21,0,0,47.56,0,0,35.92,0,0,2.99,22.54,20.97,87.63,21.03,82.95,55.25,63.7,55.1,83.39,65.32,22.7
2.35,0.75,4.92,3.34,3.37,5.41,4.39,117.5,0,0,34.36,0,0,49.35,0,0,0,0,121.29,2.98,23.19,26.23,89.42,26.3,84.89,33.84,63.05,33.84,56.39,29.45,28.55
1.85,1.19,5.23,3.46,2.73,5.02,2.51,118.65,0,0,0,0,0,49.84,0,0,33.53,0,108.73,2.98,22.53,28.45,72.91,28.41,86.06,30.73,61.8,30.6,68.3,31.17,30.27
1.58,1.8,4.86,3.73,1.99,5.22,2.6,117.26,0,0,0,0,0,50,0,0,33.15,0,105.32,2.98,23.33,28.79,73.48,28.75,86.08,30.61,61.83,30.48,69.59,31.49,30.59
1.9,2.28,4.52,3.93,1.61,5.48,3,118.99,0,0,0,0,0,49.54,36.04,0,31.03,0,86.85,2.99,22.33,28.14,71.8,28.1,86.33,21.11,81.27,21,67.61,30.71,29.81
1.15,2.66,4.12,4.2,1.96,5.5,3.18,119.77,0,0,0,0,0,49.61,35.72,0,30.23,0,81.74,2.99,21.88,28.27,72.93,28.23,86.33,20.83,81.55,20.72,69.97,30.81,29.91
1.02,2.99,3.79,4.4,2.32,5.5,3.49,120.96,0,0,0,0,0,50.2,35.33,0,30.4,0,77.2,2.99,21.19,28.38,69.85,28.33,85.28,20.41,81.81,20.3,68.99,30.89,29.99
1.06,3.26,3.35,4.24,2.72,5.5,3.54,97.63,97.65,0,0,0,0,50.11,35.14,0,30.39,0,72.11,2.99,34.24,28.47,70.58,28.43,85.56,19.93,81.66,19.82,68.56,30.95,30.05
0.82,3.48,2.95,4.21,3.07,5.5,3.48,98.79,98.81,0,36.99,0,0,50.21,35.35,0,30.42,0,72.53,2.99,33.62,27.66,86.26,27.73,84.67,19.56,80.93,19.45,68.1,30.59,29.69
0.92,3.32,3.36,3.87,3.25,5.5,3.33,98.37,98.39,0,35.96,0,0,49.94,34.68,0,30.36,0,68.47,2.99,33.85,27.45,87.88,27.52,84.97,19.01,81.53,18.9,67.75,30.34,29.44
0.55,3.13,3.81,3.81,3.56,5.5,3.14,98.74,98.76,0,35.5,0,0,49.81,34.71,0,29.87,0,67.85,2.99,33.65,27.26,88.5,27.33,85.05,18.88,81.35,18.77,69.19,30.15,29.25
0.75,2.94,4.27,3.8,3.81,5.5,3.35,97.86,97.88,0,34.42,0,0,49.48,34.2,0,30.15,0,70.78,2.99,34.12,27.2,90.29,27.27,85.62,19.23,82.56,19.12,68.63,30.08,29.18
1.02,2.84,4.78,3.96,3.63,5.5,3.45,96.72,96.74,0,33.04,0,0,49.69,0,0,30.84,0,80.67,2.99,34.74,27.26,92.61,27.32,85.25,26.69,64.03,26.58,73.84,30.18,29.28
1.23,2.81,5.33,3.98,3.12,5.5,4.27,96.82,96.84,0,0,0,0,48.84,0,0,30.38,0,74.69,2.99,34.68,28.16,74.92,28.13,87.69,26.56,63.31,26.45,75.2,30.65,29.75
1.19,3.09,5.04,4.5,2.56,5.37,4.2,96.43,96.45,0,0,0,0,47.95,0,0,0,0,76.11,2.99,34.89,28.54,75.37,28.5,89.71,29.37,63.13,29.37,60.73,31.03,30.13
1.27,3.71,4.78,3.65,2.08,5.13,3.25,94.85,94.87,0,0,0,0,0,0,0,0,0,57.36,2.99,35.74,31.03,75.39,31.03,67.87,29.62,63.19,29.62,59.67,33.26,32.36
1.67,4.2,4.54,3.21,1.73,5.02,2.74,94.89,94.91,0,0,0,0,48.83,0,0,31.81,0,68.46,2.99,35.71,29.34,76,29.3,88.89,26.84,62.33,26.72,70.65,31.8,30.9
1.93,4.38,4.35,3.98,1.83,5.35,3.46,92.13,92.15,0,0,0,0,48.23,34.64,0,29.41,0,60.71,2.99,37.18,29.34,73.99,29.3,90.01,20.06,82.64,19.96,71.82,31.76,30.86
2.17,4.6,4.05,4.41,2.43,5.5,4.77,92.56,92.58,0,0,0,0,0,35.22,0,28.71,0,37.34,2.99,36.95,30.64,73.73,30.64,65.52,19.06,80.65,18.96,72.97,32.8,31.9
2.35,5.02,3.76,3.11,2.74,5.19,3.39,91.79,91.81,0,0,0,0,0,37.17,0,0,0,41.61,2.99,37.36,31.31,74.42,31.31,57.3,25.43,83.47,25.43,54.53,33.47,32.57
2.79,5.11,3.52,2.47,3.07,5,2.21,91.7,91.71,0,0,0,0,51.43,34.44,0,30.63,0,39.35,2.99,37.41,29.79,68.63,29.74,84.24,18.25,81.18,18.14,66.09,32.14,31.24
3.31,5.05,3.05,2.38,3.39,5.07,1.98,90.53,90.55,0,0,0,0,51.1,35.07,0,30.48,0,59.21,2.97,38.02,29.91,69.58,29.87,85.03,19.08,80.92,18.97,67.41,32.34,31.44
3.53,4.88,3.3,2.53,3.55,5.28,2.27,91.32,91.34,0,36.12,0,0,50.88,34.61,0,30.74,0,67.24,2.97,37.6,28.92,89.06,28.99,84.59,19.43,82.06,19.32,66.89,31.83,30.93
3.79,4.67,3.78,2.58,3.9,5.41,2.29,91.83,91.84,0,36.42,0,0,50.98,34.62,0,30.01,0,64.85,2.97,37.34,28.62,88.23,28.7,84.09,19.11,81.73,19,68.97,31.52,30.62
4.39,4.45,4.23,2.48,3.46,5.5,3.21,91.31,91.32,0,36.8,0,0,50.67,0,0,31.25,0,71.34,2.97,37.61,28.59,87.51,28.67,84.68,26.07,64.11,25.95,71.82,31.52,30.62
4.46,4.29,4.64,2.59,2.99,5.5,3.74,94.9,94.92,0,35.89,0,0,50.69,0,0,30.72,0,71.15,2.97,35.71,28.46,89.01,28.53,84.5,26.06,62,25.94,73.58,31.38,30.48
4.02,4.13,5.08,2.63,2.25,5.5,4.5,95.47,95.49,0,34.62,0,0,50.48,0,0,31.14,0,77.47,2.98,35.4,28.47,91.21,28.54,84.94,26.56,60.73,26.45,72.67,31.4,30.5
1.24,4.23,5.17,2.79,1.54,5.36,4.15,97.54,97.56,0,0,0,0,50.3,36.81,0,0,0,70.37,2.97,34.29,29.37,72.66,29.33,86.08,25.58,84.27,25.58,58.55,31.85,30.95
4.01,2.11,4.83,2.93,3.19,5.32,3.06,95.19,95.21,0,0,0,0,39.64,0,0,32.82,0,91.85,2.98,35.55,28.95,73.67,28.92,79.16,28.64,62.76,28.52,68.84,31.48,30.58
3.98,2.66,4.5,2.83,2.53,5.5,3.3,94.87,94.89,0,0,0,0,39.47,0,0,31.85,0,89.82,2.98,35.72,29.36,73.11,29.34,79.83,28.85,61.76,28.73,72.54,31.88,30.98
3.99,3.18,4.16,2.98,1.81,5.5,3.88,95.25,95.27,0,0,0,0,40.05,0,0,32.13,0,86.59,2.98,35.52,29.64,71.83,29.61,79.26,28.71,60.73,28.59,71.39,32.14,31.24
3.88,3.65,3.78,2.84,1.74,5.5,4.07,95.97,95.99,0,0,0,0,40.3,36.02,0,30.48,0,81.15,2.98,35.13,29.76,70.16,29.74,79.02,21.43,81.62,21.32,69.75,32.24,31.34
3.7,4.07,3.36,2.6,2.11,5.5,4.15,97.07,97.09,0,0,0,0,40.82,35.81,0,31.14,0,75.2,2.97,34.55,29.84,68.53,29.82,78.33,20.61,81.17,20.5,66.75,32.29,31.39
3.47,4.42,2.89,2.03,2.41,5.47,3.45,97.36,97.38,0,37.96,0,0,40.57,35.77,0,31.1,0,77.63,2.97,34.39,28.87,85.66,28.97,77.84,20.39,81.02,20.27,66.64,31.75,30.85
3.23,4.23,3.26,2.19,2.65,5.48,2.94,97.29,97.31,0,36.32,0,44.3,21.82,35.53,0,31,0,81.62,2.97,34.43,28.06,87.84,28.11,95.63,20.45,81.49,20.33,67.04,31.23,30.33
3.01,4.01,3.72,2.6,2.94,5.5,2.89,95.75,95.76,0,35.27,0,43.34,18.76,35.22,0,29.89,0,87.16,2.98,35.26,28.17,89.8,28.22,97.26,21.55,83.13,21.44,71.79,31.3,30.4
2.92,3.91,4.22,3.45,3.43,5.5,3.57,95.28,95.29,0,33.99,0,42.88,17.02,34.64,0,29.12,0,88.98,2.98,35.51,28.19,91.99,28.23,97.98,22.04,84.63,21.94,74.71,31.28,30.38
2.91,4.06,4.77,3.75,3.95,5.5,4.63,94.95,94.97,0,33.82,0,0,38.25,0,0,30.3,0,88.23,2.98,35.68,28.81,92.9,28.89,81.07,28.4,64.53,28.29,77.31,31.67,30.77
3.14,4.28,5.28,4.1,3.47,5.27,3.78,92.77,92.78,0,0,0,0,38.2,0,0,0,0,87.3,2.98,36.84,30.91,76.7,30.88,83.14,31.99,64.46,31.99,60.37,33.41,32.51
3.45,4.79,5.09,4.7,3.09,5.02,2.84,92.58,92.6,0,0,0,0,38.28,0,0,0,0,85.69,2.98,36.94,31.32,76.67,31.29,83.43,32.23,64.21,32.23,59.9,33.81,32.91
3.71,5.39,4.91,4.7,2.74,5.11,3.03,93.03,93.04,0,0,0,0,20.73,0,0,31.96,0,74.32,2.98,36.7,32.41,76.5,32.4,100.51,29.39,63.76,29.27,72.68,34.75,33.85
4.15,5.32,4.73,4.7,2.37,5.5,4.19,87.63,87.65,0,0,0,0,27.4,0,0,31.03,0,0,2.98,39.53,29.67,75.68,29.66,93.46,32.29,63.2,32.18,78.78,43.66,30.92
4.61,5.03,4.51,4.7,1.94,5.37,4.19,109.75,0,0,0,0,0,33.48,0,0,0,0,0,2.99,27.6,29.09,74.32,29.07,87.13,33.12,62.29,33.12,60.16,40.16,30.36
4.88,4.67,4.22,4.7,1.42,5.1,3.07,111,0,0,0,0,0,38.25,38.1,0,0,0,0,2.99,26.9,28.46,73.33,28.44,80.62,29.11,85.43,29.11,57.4,39.39,29.77
4.86,4.27,3.9,4.69,1.99,5.13,2.75,111.97,0,0,0,0,0,38.2,35.97,0,31.46,0,0,2.99,26.35,28.06,72.15,28.04,80.29,22.63,82.91,22.52,67.68,38.9,29.36
4.75,3.86,3.55,4.57,2.49,5.31,2.84,112.18,0,0,0,0,0,38.33,35.98,0,31.49,0,0,2.99,26.23,27.65,70.71,27.62,79.69,22.49,82.75,22.37,67.41,38.77,28.95
4.64,3.46,3.15,4.14,2.91,5.46,2.79,113.05,0,0,0,0,0,38.25,35.83,0,31.35,0,0,2.99,25.73,27.25,69.87,27.22,79.4,22.1,82.63,21.98,67.49,38.34,28.55
4.48,2.83,3.28,3.8,3.28,5.5,2.91,113.19,0,0,34.47,0,0,36.72,35.67,0,31.15,0,0,2.99,25.65,23.9,86.9,23.98,78.17,22.08,82.89,21.97,68.16,38.23,25.55
4.32,2.07,3.71,3.32,3.66,5.5,2.83,113.1,0,0,34.5,0,0,36.47,35.49,0,30.86,0,0,2.99,25.7,23.17,86.12,23.25,77.76,22.2,83.33,22.09,69.28,38.22,24.81
4.21,1.32,4.1,2.92,3.89,5.5,3.05,112.55,0,0,33.89,0,0,36.36,0,0,32.38,0,0,2.99,26.02,22.49,86.46,22.57,77.22,29.05,63.25,28.93,70.85,38.53,24.13
4.26,0.58,4.49,2.47,3.19,5.5,3.35,112.89,0,0,33.4,0,0,36.49,0,0,32.72,0,0,2.99,25.82,21.78,86.55,21.86,76.34,28.92,61.23,28.79,69.5,38.42,23.42
3.89,0.7,4.91,1.92,2.31,5.5,3.28,118.65,0,0,34.52,0,43.81,20.32,0,0,31.92,0,92.18,2.99,22.53,24.91,87.82,24.95,93.27,26.03,59.92,25.91,69.44,28.08,27.18
3.44,0.64,5.28,2.23,1.43,5.5,3.31,120.48,0,0,0,0,43.84,20.44,35.2,0,30.08,0,80.65,2.99,21.47,25.57,72.21,25.51,93.76,18.22,79.85,18.11,67.85,28.22,27.32
2.91,0.8,4.88,2.56,1.71,5.5,3.17,121.43,0,0,0,0,44.16,21.43,35.08,0,29.92,0,75.42,2.99,20.92,25.58,70.8,25.52,93.26,17.64,79.47,17.53,67.78,28.21,27.31
2.38,0.89,4.43,2.61,1.91,5.5,3.07,120.51,0,0,0,0,43.69,19.95,34.94,0,29.95,0,77.91,2.99,21.45,25.78,70.02,25.72,94.22,18.19,80.26,18.08,68.26,28.4,27.5
1.92,1.04,3.98,3,2.2,5.5,3.09,121.37,0,0,0,0,43.68,19.91,34.62,0,30.39,0,72.83,2.99,20.95,25.83,69.47,25.76,94.28,17.57,80.19,17.46,66.2,28.42,27.52
1.45,1.12,3.52,3.35,2.48,5.45,2.53,121.41,0,0,0,0,43.42,19.04,34.74,0,30.2,0,71.4,2.99,20.93,25.92,68.64,25.86,94.77,17.53,79.94,17.42,66.78,28.49,27.59
1.03,1.35,3.05,3.26,2.68,5.5,2.56,121.36,0,0,0,0,0,38.57,34.3,0,29.26,0,64.86,2.99,20.96,26.79,69.41,26.76,78.5,17.85,81.02,17.75,70.08,29.16,28.26
0.87,1.51,3.39,2.85,3.05,5.5,3.1,98.81,98.83,0,34.84,0,0,38.45,34.44,0,29.8,0,86.16,2.97,33.61,26.17,88.55,26.25,78.17,19.32,82.25,19.22,69.87,29.03,28.13
0.75,1.64,3.86,2.53,3.5,5.5,3.45,99.16,99.18,0,33.79,0,0,38.59,34.5,0,29.94,0,83.7,2.97,33.42,26.29,90.41,26.36,78.08,19.04,81.87,18.93,69.12,29.12,28.22
0.62,1.75,4.39,2.32,3.84,5.5,3.58,98.28,98.3,0,33.68,0,0,38.35,34.22,0,28.87,0,85.63,2.97,33.89,26.45,90.76,26.53,78.57,19.72,83.02,19.62,73.16,29.29,28.39
0.64,1.9,4.9,2.4,3.75,5.5,4.5,97.59,97.61,0,33.25,0,0,37.99,0,0,30.37,0,87.71,2.97,34.27,26.68,91.69,26.75,79.28,26.12,64.14,26.01,74.8,29.52,28.62
0.83,2.16,5.23,2.67,3.24,5.35,4.19,96.31,96.33,0,0,0,0,38.31,0,0,0,0,83.99,2.98,34.95,28.58,76.2,28.55,80.65,29.4,63.89,29.4,60.62,31.06,30.16
1.11,2.65,5.01,3.1,2.77,5.1,3.22,94.65,94.67,0,0,0,0,38.65,0,0,0,0,87.32,2.98,35.84,29.24,75.14,29.22,80.86,30.2,63.67,30.2,59.76,31.75,30.85
1.42,3.15,4.74,3.47,2.37,5.01,2.76,96.32,96.34,0,0,0,0,38.46,0,0,31.5,0,78.42,2.98,34.95,29.22,74.72,29.2,81.09,26.9,63.13,26.78,71.78,31.67,30.77
1.58,3.57,4.46,3.83,1.93,5.4,3.76,96.37,96.39,0,0,0,0,38.63,0,0,31.63,0,76.24,2.98,34.92,29.51,74.93,29.49,81.15,26.94,60.97,26.83,71.39,31.95,31.05
1.69,3.95,4.21,4.12,1.48,5.5,4.75,97.07,97.08,0,0,0,0,39.24,34.87,0,29.04,0,71.45,2.97,34.55,29.63,74.76,29.61,80.41,20.54,82.74,20.44,73.47,32.05,31.15
1.77,4.3,3.96,4.11,2.16,5.2,3.44,95.59,95.61,0,0,0,0,40.06,37.5,0,0,0,75.16,2.98,35.34,30.11,72.29,30.09,79.71,26.54,83.97,26.54,57.21,32.55,31.65
1.9,4.66,3.61,3.59,2.59,4.97,2.26,97.32,97.34,0,0,0,0,40.08,35.6,0,30.71,0,66.96,2.97,34.41,30.11,70.28,30.08,79.69,19.93,80.86,19.82,67.49,32.51,31.61
1.83,4.94,3.19,3.36,2.8,5.17,2.49,97.37,97.39,0,0,0,0,40.27,35.1,0,30.71,0,64.84,2.97,34.39,30.3,70.45,30.27,79.6,19.99,81.81,19.88,67.58,32.68,31.78
1.75,5.02,3.25,3.15,3.17,5.37,2.69,97.04,97.06,0,36.11,0,0,39.84,34.82,0,30.59,0,69.81,2.97,34.56,29.47,89.63,29.55,79.51,20.21,82.5,20.1,68.17,32.27,31.37
1.71,4.96,3.75,3.07,3.6,5.5,3.1,97.3,97.32,0,36.85,0,0,39.59,34.64,0,29.34,0,69.27,2.97,34.42,29.38,88.21,29.47,79.79,20.43,83.01,20.33,72.43,32.19,31.29
1.68,4.88,4.2,3.13,3.92,5.5,3.91,96.49,96.51,0,35.99,0,0,40.03,0,0,31.25,0,73.96,2.98,34.86,29.36,89.75,29.45,79.13,27,62.79,26.89,72.76,32.19,31.29
1.8,4.87,4.68,2.86,3.16,5.5,4.47,96.87,96.89,0,34.82,0,0,39.92,0,0,31.73,0,72.73,2.98,34.65,29.37,91.78,29.44,79.28,26.86,62.3,26.74,70.95,32.16,31.26
1.89,4.85,5.21,2.79,2.43,5.5,4.6,96.68,96.7,0,34.99,0,0,39.95,0,0,31.31,0,73.95,2.98,34.76,29.35,91.46,29.43,79.22,27.04,61.84,26.92,72.59,32.16,31.26
2.07,5.12,5.02,2.73,1.74,5.3,3.82,95.87,95.89,0,0,0,0,40.73,0,0,0,0,71.69,2.98,35.19,30.73,73.19,30.71,79.35,30.3,61.13,30.3,56.38,33.16,32.26
2.17,5.41,4.66,2.6,1.82,5.02,2.41,96.37,96.39,0,0,0,0,40.37,35.5,0,31.1,0,65.82,2.98,34.92,30.8,73.83,30.78,79.95,20.38,81.49,20.27,66.65,33.19,32.29
2.33,5.22,4.34,2.72,2.23,5.14,2.29,93.1,93.12,0,0,0,0,39.81,35.4,0,31.22,0,0,2.98,36.66,28.92,72.66,28.89,78.89,21.6,82.88,21.48,67.46,39.59,30.23
2.57,4.8,3.99,2.57,2.75,5.33,2.45,93.37,93.39,0,0,0,0,40.19,35.83,0,31.05,0,0,2.98,36.52,28.47,70.43,28.44,77.89,21.49,82.01,21.38,67.91,39.5,29.78
2.78,4.37,3.56,1.94,3.07,5.5,2.74,93.77,93.79,0,0,0,43.84,20.43,35.64,0,30.87,0,0,2.98,36.31,26.2,69.55,26.14,94.4,21.49,82.34,21.38,68.53,39.35,27.69
2.96,3.69,3.12,2.38,3.41,5.5,2.81,93.69,93.71,0,0,0,44.21,21.57,35.76,0,31.49,0,0,2.98,36.35,25.39,70.11,25.32,92.99,21.41,82.07,21.29,66.34,39.44,26.89
3.12,2.83,3.13,2.33,3.66,5.44,2.23,93.28,93.3,0,34.26,0,43.09,17.84,35.66,0,31.33,0,0,2.98,36.57,21.18,84.53,21.22,90.66,21.75,82.58,21.64,67.25,39.72,23.08
3.3,1.83,3.48,2.48,3.95,5.5,2.38,92.84,92.86,0,33.07,0,42.69,16.23,35.57,0,30.97,0,0,2.98,36.8,20.58,85.88,20.62,90.66,22.17,83.15,22.05,68.88,40.02,22.44
3.62,0.86,3.88,2.8,3.3,5.5,2.71,89.68,89.7,0,32.71,0,42.33,14.5,0,0,32.64,0,0,2.98,38.46,19.92,85.8,19.96,90.54,30.84,62.38,30.71,71.7,42.29,21.74
3.79,0.48,4.29,3.32,2.56,5.5,3.16,95.03,95.05,0,32.2,0,42.86,16.95,0,0,32.22,0,112.99,2.98,35.64,25.17,91.85,25.21,94.98,28.65,63,28.53,71.02,28.41,27.51
3.76,0.79,4.85,3.65,2.06,5.5,3.49,94.8,94.82,0,32.98,0,0,37.43,0,0,31.09,0,107.46,2.98,35.76,26.38,91.83,26.45,79.72,28.85,62.13,28.73,75.16,29.35,28.45
3.77,1.21,5.26,3.79,1.52,5.5,4.46,94.61,94.63,0,0,0,0,37.74,35.29,0,28.91,0,95.77,2.98,35.86,28.48,75.82,28.45,81.33,22.68,84.13,22.58,75.98,31.03,30.13
3.76,1.82,5.01,4.19,2.27,5.38,4.4,94.37,94.39,0,0,0,0,37.81,36.89,0,0,0,93.91,2.98,35.99,28.94,76.43,28.92,81.69,28.19,86.74,28.19,60.24,31.48,30.58
4,3.54,4.62,4.25,3.77,5.5,4.2,93.95,93.97,0,0,0,0,49.78,35.53,0,29.64,0,90.44,2.98,36.22,29.59,74.82,29.55,87.31,22.82,83.87,22.72,73.88,32.18,31.28
4.04,3.98,4.35,3.99,3.92,5.42,4.43,95.12,95.14,0,0,0,0,49.57,0,0,0,0,86.29,2.98,35.59,29.81,70.11,29.77,87.95,31.64,63.78,31.64,57.58,32.38,31.48
4.17,4.54,3.9,3.07,3.31,5.03,2.65,94.54,94.56,0,0,0,0,0,0,0,0,0,67.79,2.98,35.9,32.71,70.98,32.71,63.09,31.99,61.57,31.99,57,34.99,34.09
4.17,5.08,3.5,3.16,2.46,5.26,2.93,95.08,95.1,0,0,0,0,51.39,0,0,32.67,0,80.4,2.98,35.61,30.54,69.85,30.5,85.07,28.79,60.63,28.67,69.56,33.08,32.18
4.15,5.38,3.07,3.29,1.6,5.5,3.38,94.63,94.65,0,0,0,0,50.46,0,0,31.9,0,79.55,2.98,35.85,30.85,72.12,30.81,87.26,29.01,61.86,28.9,72.51,33.38,32.48
4.06,5.42,3.42,3.32,1.95,5.5,3.83,95.39,95.41,0,37.26,0,0,50.01,35.55,0,29.44,0,80.48,2.98,35.45,29.73,87.81,29.81,87.12,22.2,83.2,22.09,73.88,32.72,31.82
3.91,5.34,3.86,3.2,2.51,5.5,4.71,96.01,96.03,0,35.12,0,0,50.46,35.84,0,29.84,0,78.04,2.98,35.12,29.68,91.57,29.75,86.18,21.63,82.14,21.52,72.02,32.62,31.72
3.82,5.29,4.41,3.15,2.92,5.22,3.51,95.49,95.51,0,35.87,0,0,50.33,37.23,0,0,0,81.32,2.98,35.39,29.64,90.23,29.71,86.41,27.81,85.74,27.81,56.56,32.61,31.71
3.75,5.23,4.9,3.2,3.48,4.96,2.19,95.45,95.47,0,35.82,0,0,50.1,34.83,0,31.5,0,80.67,2.98,35.42,29.58,90.26,29.65,86.79,21.69,83.96,21.58,66.57,32.55,31.65
3.63,5.23,5.24,3.33,3.97,5.07,2.05,95.08,95.09,0,0,0,0,50.61,0,0,32.86,0,77.93,2.98,35.61,30.63,74,30.58,86.72,28.4,63.42,28.27,68.45,33.15,32.25
3.86,5.48,4.9,3.26,3.29,5.31,2.37,90.13,90.15,0,0,0,0,3.77,0,0,33.51,0,0,2.98,38.23,30.46,74.03,30.46,64.2,30.58,62.47,30.45,68.23,42.07,31.65
4.23,5.39,4.59,3.29,2.57,5.49,2.46,90.3,90.32,0,0,0,50.52,0,0,0,33.39,0,0,2.98,38.14,28.37,73.31,28.32,84.76,30.68,62.18,30.55,68.78,42.06,29.74
4.58,4.86,4.25,3.07,1.91,5.5,2.92,112.42,0,0,0,0,50.62,0,0,0,32.69,0,0,2.99,26.09,27.82,70.6,27.78,83.97,29.24,60.06,29.12,69.92,38.73,29.2
4.5,4.32,3.82,3.01,1.67,5.5,2.97,113.5,0,0,0,0,50.65,0,36.12,0,30.69,0,0,2.99,25.48,27.28,71.19,27.24,83.36,21.93,81.93,21.82,69.56,38.09,28.66
4.32,3.78,3.43,2.69,2.07,5.5,3.21,113.92,0,0,0,0,50.55,0,36.11,0,31.38,0,0,2.99,25.24,26.75,70.43,26.71,83.03,21.49,81.51,21.37,66.81,37.84,28.13
4.12,3.25,3.03,2.91,2.38,5.5,2.73,114.95,0,0,0,0,50.25,0,35.91,0,31.33,0,0,2.99,24.65,26.24,66.51,26.2,83.12,20.95,81.33,20.83,66.42,37.29,27.62
3.88,2.37,3.32,2.82,2.65,5.49,2.27,114.01,0,0,34.47,0,48.63,0,35.73,0,31.25,0,0,2.99,25.19,22.17,85.17,22.24,82.27,21.48,82.18,21.36,67.23,37.68,23.94
3.73,1.49,3.69,3.02,3.02,5.5,2.47,113.12,0,0,32.28,0,48.1,0,35.42,0,30.26,0,0,2.99,25.69,21.61,88.17,21.66,82.64,22.17,83.41,22.06,71.21,38.02,23.34
3.67,0.64,4.16,3.2,3.5,5.5,3.09,112.98,0,0,32.88,0,47.16,0,35.03,0,30.31,0,0,2.99,25.77,20.8,86.41,20.85,83.54,22.28,84.2,22.17,71.18,38.05,22.52
3.33,0.51,4.58,3.45,4.04,5.5,3.58,116.46,0,0,32.72,0,48.56,0,0,0,30.77,0,99.84,2.99,23.79,25.25,91.11,25.31,85.43,27.23,64.16,27.12,74.61,28.27,27.37
3.03,0.7,5.11,3.96,3.47,5.5,4.5,116.47,0,0,32.69,0,47.86,0,0,0,29.96,0,98.38,2.99,23.78,25.43,91.33,25.48,86.9,27.27,64.08,27.17,77.28,28.43,27.53
2.86,1.07,5.12,4.38,3,5.34,4.19,115.22,0,0,0,0,47.46,0,0,0,0,0,92.53,2.99,24.5,27.39,75.46,27.36,89.51,30.23,64.14,30.23,61.1,29.98,29.08
2.86,1.81,4.87,3.83,2.66,5.13,3.38,115.37,0,0,0,0,0,0,0,0,0,0,70.37,2.99,24.41,30.2,75.99,30.2,67.94,30.28,63.22,30.28,59.77,32.49,31.59
2.82,2.54,4.66,3.11,2.18,4.86,2.38,115.47,0,0,0,0,0,0,0,0,31.67,0,65.69,2.99,24.36,30.53,75.27,30.53,64.59,27.58,61.91,27.47,71.89,32.79,31.89
2.64,2.96,4.41,3.56,1.54,5.26,3.44,116.71,0,0,0,0,49.12,0,0,0,32.15,0,77.08,2.99,23.65,28.39,73.75,28.35,87.44,26.83,61.16,26.71,69.46,30.9,30
2.31,3.18,4.1,3.86,1.95,5.5,3.69,120,0,0,0,0,49.81,0,34.84,0,30.16,0,60.83,2.99,21.75,28.11,71.46,28.07,85.84,18.46,80.71,18.35,67.82,30.54,29.64
1.9,3.29,3.71,4.22,2.31,5.5,3.9,119.18,0,0,0,0,50.6,0,35.45,0,29.57,0,63.26,2.99,22.22,28.24,69.96,28.2,84.42,18.93,80.12,18.83,70.2,30.69,29.79
1.55,3.41,3.28,4.39,2.47,5.5,4.18,119.98,0,0,0,0,50.42,0,35.02,0,29.23,0,58.02,2.99,21.76,28.28,71.22,28.24,84.81,18.59,80.52,18.49,70.9,30.7,29.8
1.2,3.48,2.91,4.35,2.72,5.5,4.56,120.5,0,0,36.38,0,49.98,0,34.47,0,29.24,0,59.95,2.99,21.46,27.31,86.99,27.38,84.81,18.37,81.25,18.27,70.68,30.17,29.27
0.96,3.28,3.35,4.26,3.09,5.5,4.85,98,98.02,0,35.47,0,49.94,0,36.39,0,0,0,78.38,2.97,34.05,27.62,88.91,27.69,85.2,25.32,84.78,25.32,57.34,30.57,29.67
1.02,3.21,3.83,3.02,3.63,5.1,2.95,97.6,97.62,0,35.43,0,49.51,0,37.12,0,0,0,80.46,2.97,34.26,27.59,88.94,27.65,85.99,25.39,83.52,25.39,57.08,30.53,29.63
1.05,3.39,4.31,2.19,3.85,5.03,2.35,98.21,98.23,0,35.31,0,0,0,34.29,0,30.71,0,68.79,2.97,33.93,29.04,90.6,29.15,63.47,19.45,82.62,19.33,67.02,31.53,30.63
1.07,3.63,4.82,2.61,3.55,5.22,2.47,97.87,97.89,0,35.29,0,50.42,0,0,0,32.03,0,76.83,2.97,34.11,27.94,89.55,28.01,84.58,26.02,62.82,25.9,69.08,30.88,29.98
1.14,3.54,5.28,2.85,2.84,5.48,2.93,97.76,97.78,0,34.93,0,49.87,0,0,0,32.14,0,77.97,2.97,34.17,27.9,90.12,27.96,85.61,26.09,62.33,25.97,68.75,30.83,29.93
1.23,3.78,4.94,2.95,2.17,5.5,3.41,97.12,97.14,0,0,0,50.76,0,0,0,31.1,0,75.03,2.97,34.52,29.06,72.84,29.02,84.94,26.54,61.03,26.42,72.8,31.57,30.67
1.36,4.03,4.57,3.11,1.4,5.5,4.07,97.56,97.58,0,0,0,50.65,0,35.57,0,29.13,0,71.36,2.97,34.28,29.2,72.51,29.15,85.27,19.97,80.95,19.87,72.59,31.68,30.78
1.31,4.25,4.2,3.32,1.78,5.5,4.76,97.53,97.55,0,0,0,50.12,0,35.54,0,29.73,0,69.76,2.97,34.3,29.38,72.28,29.34,86.49,19.81,80.83,19.7,70.56,31.85,30.95
1.37,4.46,3.83,3.39,2.15,5.2,3.35,97.59,97.61,0,0,0,51,0,37.5,0,0,0,69.06,2.97,34.27,29.54,72.01,29.5,84.91,25.52,82.94,25.52,57.1,32.02,31.12
1.37,4.64,3.48,3.58,2.45,5.11,2.62,98.46,98.48,0,0,0,51.25,0,35.25,0,30.94,0,63.98,2.97,33.8,29.59,67.78,29.55,84.46,19.16,80.71,19.05,65.96,32.04,31.14
1.26,4.77,2.98,3.3,2.7,5.08,2.1,98.14,98.16,0,37.15,0,51.08,0,35.24,0,31,0,68.08,2.97,33.97,28.79,87.07,28.86,84.11,19.27,80.83,19.15,65.86,31.71,30.81
1.17,4.56,3.41,3.03,2.93,5.07,1.7,98.4,98.42,0,36.3,0,50.15,0,34.73,0,30.82,0,68.04,2.97,33.83,28.66,88.49,28.73,85.91,19.28,81.72,19.17,66.48,31.56,30.66
1.08,4.37,3.88,3.04,3.3,5.19,1.73,97.73,97.75,0,35.72,0,49.63,0,34.77,0,30.81,0,71.23,2.97,34.19,28.59,89.44,28.66,86.76,19.52,81.88,19.41,66.74,31.49,30.59
1.04,4.26,4.36,3,3.64,5.33,1.83,97.31,97.33,0,35.75,0,0,-0.88,34.5,0,30.28,0,65.85,2.97,34.41,29.8,90.6,29.91,63.7,19.82,82.65,19.72,68.8,32.27,31.37
1.07,4.57,4.86,3.36,4.07,5.5,2.61,96.64,96.66,0,34.79,0,0,0.43,0,0,31.09,0,67.57,2.98,34.78,30.17,92.63,30.28,64.08,26.66,64.42,26.54,72.96,32.65,31.75
1.23,4.63,5.24,4.03,3.54,5.5,3.4,95.87,95.89,0,0,0,49.56,0,0,0,30.04,0,74.01,2.98,35.19,29.93,75.76,29.89,88.14,27.21,64.21,27.1,76.98,32.42,31.52
1.43,4.89,4.99,4.28,3.08,5.5,4.69,95.18,95.2,0,0,0,49.79,0,0,0,30.12,0,75.44,2.98,35.56,30.23,76.05,30.19,87.99,27.6,64.17,27.49,77.1,32.73,31.83
1.76,5.22,4.78,3.44,2.72,5.26,3.71,93.77,93.79,0,0,0,0,0,0,0,0,0,63.58,2.98,36.31,33.03,76.35,33.03,67.31,31.05,63.69,31.05,58.46,35.29,34.39
2.25,5.5,4.6,3.59,2.33,5.03,2.6,91.1,91.12,0,0,0,0,0,0,0,32.8,0,0,2.98,37.72,30.5,75.28,30.5,66.03,29.55,62.26,29.42,69.81,41.12,31.69
2.67,5.24,4.36,4.25,1.73,5.33,3.13,89.66,89.68,0,0,0,50.21,0,0,0,32.94,0,0,2.98,38.47,28.24,72.54,28.2,85.26,30.4,60.85,30.27,70.16,42.08,29.61
3.04,4.71,4,3.99,1.59,5.5,3.68,91.6,91.62,0,0,0,49.83,0,36.55,0,30.22,0,0,2.98,37.46,27.73,70.7,27.69,85.5,22.61,81.84,22.51,71.79,40.65,29.11
3.32,4.18,3.58,3.07,1.96,5.5,4.21,92.21,92.22,0,0,0,50.01,0,36.29,0,30.5,0,0,2.98,37.14,27.19,69.49,27.15,84.56,22.42,82.12,22.31,70.68,40.38,28.57
3.54,3.65,3.14,3.16,2.34,5.5,4.45,92.13,92.15,0,0,0,49,0,35.95,0,30.58,0,0,2.98,37.18,26.73,69.51,26.7,86.01,22.62,82.94,22.51,70.64,40.49,28.1
3.76,2.89,3.28,3.29,2.8,5.5,4.62,92.36,92.38,0,33.73,0,48.11,0,35.76,0,30.45,0,0,2.98,37.06,22.84,87.08,22.91,83.93,22.68,83.33,22.57,71.12,40.43,24.59
3.98,2.03,3.72,3.32,3.29,5.4,4.31,89.79,89.81,0,34.24,0,47.48,0,38.09,0,0,0,0,2.98,38.41,21.99,85.38,22.05,84.16,30.12,86.43,30.12,56.13,42.25,23.74
4.35,1.28,4.09,3.2,3.82,4.96,2.28,91.92,91.94,0,34.88,0,0,0,35.86,0,31.06,0,0,2.98,37.29,25.16,87.47,25.26,61.01,22.97,83.43,22.85,69.36,40.84,26.55
4.5,0.77,4.5,3.15,3.59,5.28,2.98,111.5,0,0,32.65,0,47.77,0,0,0,32.96,0,0,2.99,26.61,20.89,86.86,20.95,82.53,29.47,63.41,29.34,69.16,39.08,22.62
4.28,0.64,4.93,3.2,2.97,5.5,3.27,117.09,0,0,33.54,0,49.2,0,0,0,31.59,0,97.85,2.99,23.43,25.26,89.8,25.32,84.26,27,61.33,26.88,71.57,28.29,27.39
3.88,0.79,5.41,3.33,2.13,5.5,3.72,116.17,0,0,0,0,49.95,0,0,0,31.67,0,92.29,2.99,23.95,26.93,74.19,26.89,84.37,27.4,61.09,27.28,71.71,29.53,28.63
3.54,1.21,5.07,3.26,1.56,5.5,4.09,117.88,0,0,0,0,49.66,0,35.43,0,29.71,0,83.34,2.99,22.97,26.9,72.84,26.86,84.91,19.87,81.1,19.77,70.71,29.44,28.54
3.12,1.56,4.7,3.29,1.95,5.5,4.41,119.09,0,0,0,0,49.49,0,34.99,0,29.55,0,76.78,2.99,22.27,26.96,72.77,26.92,85.29,19.23,81.22,19.13,70.56,29.47,28.57
2.68,1.83,4.33,3.07,2.35,5.5,4.67,119.14,0,0,0,0,50.17,0,34.92,0,29.87,0,74.62,2.99,22.25,27.13,72.93,27.09,84.15,19.1,81.2,18.99,69.42,29.63,28.73
2.27,2.08,3.99,3.01,2.71,5.5,4.6,120.41,0,0,0,0,50.04,0,34.97,0,29.4,0,67.54,2.99,21.51,27.15,70.74,27.11,84.42,18.37,80.39,18.26,70.17,29.61,28.71
1.83,2.25,3.58,2.69,2.91,5.5,4.75,120.56,0,0,0,0,50.19,0,34.47,0,30.04,0,65.18,2.99,21.43,27.26,69.99,27.22,84.25,18.2,81.07,18.09,67.95,29.71,28.81
1.42,2.4,3.15,2.91,3.23,5.5,4.3,121.21,0,0,0,0,50.5,0,34.27,0,29.46,0,60.63,2.99,21.04,27.3,68.57,27.26,83.67,17.94,81.15,17.83,69.54,29.73,28.83
1,2.27,3.28,2.82,3.54,5.5,4.38,121.93,0,0,35.62,0,49.87,0,34.27,0,29.47,0,62.35,2.99,20.62,26.23,87.26,26.3,83.93,17.45,80.67,17.34,69.01,29.09,28.19
0.78,2.17,3.72,3.02,3.76,5.5,4.35,98.55,98.57,0,34.79,0,49.06,0,34.54,0,29.14,0,83.19,2.97,33.75,26.58,89.04,26.64,85.85,19.54,82.3,19.44,72.14,29.53,28.63
0.73,2.16,4.2,3.2,3.84,5.5,4.95,96.65,96.67,0,34.09,0,48.27,0,0,0,0,0,92.54,2.98,34.77,26.69,90.32,26.75,87.42,29.15,63.58,29.15,57.84,29.68,28.78
1,2.38,4.71,3.45,3.2,5.12,3.13,96.53,96.54,0,34.04,0,0,0,0,0,0,0,81.08,2.98,34.84,28.79,92.51,28.89,67.33,29.41,63.54,29.41,58.27,31.33,30.43
1.18,2.85,5.27,3.96,2.68,5.13,2.84,96.31,96.33,0,33.52,0,0,0,0,0,31.49,0,78.14,2.98,34.95,29.12,93.7,29.22,66.05,26.78,63.56,26.67,71.71,31.64,30.74
1.37,3.33,5.16,4.38,2.27,5.5,3.84,96.06,96.07,0,0,0,48.91,0,0,0,29.25,0,81.2,2.98,35.09,28.96,77.5,28.92,88.41,27.3,63.31,27.2,79.57,31.49,30.59
1.59,3.69,5.05,3.83,1.9,5.43,4.49,94.47,94.49,0,0,0,48.34,0,0,0,0,0,86.07,2.98,35.94,29.58,76.8,29.55,90.09,30.52,62.53,30.52,60.38,32.14,31.24
1.92,4.26,4.88,3.11,1.61,5.17,3.35,95.76,95.78,0,0,0,0,1.78,36.88,0,0,0,61.6,2.98,35.25,31.77,74.58,31.77,65.56,26.65,85.23,26.65,59.79,34.02,33.12
2.08,4.87,4.59,3.56,2.29,4.89,2.36,96.28,96.29,0,0,0,0,0,35.09,0,30.62,0,55.35,2.98,34.97,32.05,73.13,32.05,66.43,20.53,82.34,20.42,68.41,34.27,33.37
2.05,5.18,4.25,3.86,2.77,5.16,2.83,97.48,97.5,0,0,0,50.25,0,35.47,0,30.73,0,65.49,2.97,34.33,30.19,71.29,30.15,87.04,19.95,81.1,19.83,67.44,32.64,31.74
1.95,5.33,3.84,4.22,3,5.34,2.9,97.83,97.85,0,0,0,50.97,0,34.75,0,30.81,0,62.86,2.97,34.14,30.26,69.17,30.22,85.73,19.88,82.28,19.77,67.14,32.71,31.81
1.84,5.45,3.38,4.39,3.43,5.47,2.82,97.21,97.23,0,0,0,51.44,0,35.26,0,30.88,0,64.04,2.97,34.47,30.4,67.27,30.35,84.86,19.98,81.5,19.86,66.99,32.85,31.95
1.92,5.15,3.09,4.35,3.66,5.5,2.79,93.93,93.95,0,35.17,0,49.15,0,35.08,0,30.19,0,0,2.98,36.22,24.82,86.62,24.88,83.95,21.35,83.19,21.24,70.62,39.01,26.6
2.17,4.26,3.52,4.26,3.86,5.5,3.31,90.39,90.41,0,33.45,0,48.83,0,0,0,30.53,0,0,2.98,38.09,24.17,88.85,24.22,83.89,30.21,61.21,30.1,78.37,41.56,25.92
2.62,3.39,4,3.02,2.9,5.5,4.73,92.53,92.55,0,34.82,0,47.06,0,0,0,32.08,0,0,2.98,36.97,23.33,85.74,23.4,86.25,29.13,62.65,29.01,72,40.35,25.09
3.02,2.53,4.37,2.19,2.27,5.29,3.82,88.31,88.33,0,34.8,0,0,0,0,0,0,0,0,2.98,39.18,26.41,88.84,26.51,64.6,34.43,61.7,34.43,57.57,43.37,27.8
3.55,2.16,4.82,2.61,1.58,5.05,2.59,91.25,91.27,0,34.56,0,0,0,0,0,32.97,0,0,2.98,37.64,26.05,88.9,26.16,61.48,30,61.26,29.87,69.65,41.33,27.44
3.77,1.4,5.24,2.85,1.87,5.3,2.99,91.44,91.45,0,31.82,0,47.72,0,36.29,0,31.22,0,0,2.98,37.54,21.61,88.87,21.66,83.34,22.81,82.51,22.69,68.66,40.93,23.33
4.01,0.83,5.02,2.95,2.31,5.5,3.36,91.44,91.46,0,0,0,48.74,0,36.12,0,30.17,0,0,2.98,37.54,23.94,71.96,23.9,83.7,23.22,83.23,23.11,72.57,41.01,25.31
4.12,0.58,4.61,3.11,2.79,5.5,4.06,95.87,95.89,0,0,0,50.04,0,35.63,0,30,0,99.82,2.98,35.19,27.19,72.7,27.14,84.49,21.8,82.67,21.69,71.68,29.84,28.94
3.91,1.1,4.25,3.32,3.2,5.5,4.53,95.92,95.94,0,0,0,50.53,0,35.33,0,30.55,0,97.14,2.98,35.16,27.49,66.93,27.45,83.8,21.64,83.04,21.53,69.74,30.13,29.23
3.71,1.58,3.71,3.39,3.63,5.5,4.5,96.35,96.36,0,0,0,50.84,0,35.09,0,30.79,0,93.44,2.98,34.94,27.73,69.73,27.69,83.42,21.33,83.15,21.22,68.64,30.35,29.45
3.53,2.03,3.27,3.58,3.91,5.5,4.23,96.1,96.11,0,0,0,50.52,0,0,0,32.54,0,92.54,2.98,35.07,28.14,68.22,28.1,84.47,28.08,61.86,27.96,69.32,30.75,29.85
3.45,2.38,3.01,3.3,3.02,5.5,3.98,96.94,96.95,0,35.95,0,50.67,0,0,0,32.35,0,95.37,2.98,34.62,26.83,87.28,26.9,82.98,27.71,61.87,27.59,69.62,29.9,29
3.31,2.47,3.46,3.03,2.25,5.5,3.87,96.34,96.36,0,35.33,0,50.64,0,0,0,31.53,0,96.37,2.98,34.94,26.96,88.49,27.02,83.15,28.02,60.94,27.9,72.79,30.02,29.12
3.23,2.58,3.93,3.04,1.52,5.5,4.41,96.23,96.25,0,34.68,0,50.36,0,35.91,0,30.08,0,94.65,2.98,35,27.06,89.71,27.12,83.8,21.19,81.57,21.09,70.84,30.1,29.2
3.07,2.51,4.42,3,1.92,5.5,4.67,95.69,95.71,0,33.42,0,34.61,34.59,35.18,0,29.23,0,97.64,2.98,35.29,26.68,91.41,26.71,107.22,21.8,83.46,21.7,74.13,29.94,29.04
3.06,2.47,4.96,3.36,2.59,5.27,3.83,95.53,95.55,0,33.76,0,0,48.4,36.84,0,0,0,97.48,2.98,35.37,27.1,91.28,27.16,87.54,27.39,86.02,27.39,59.95,30.12,29.22
3.09,2.7,5.27,4.03,3.26,5,2.75,95.1,95.12,0,0,0,0,48.44,36.52,0,0,0,89.99,2.98,35.6,28.8,75.67,28.76,89.08,27.59,86.82,27.59,58.78,31.38,30.48
3.12,3.38,5.01,3.76,3.92,5.19,3.09,94.22,94.23,0,0,0,0,0,34.21,0,30.23,0,70.73,2.98,36.07,31.81,75.78,31.81,68.39,22.3,85.61,22.19,71.43,34.1,33.2
4.63,2.36,4.65,2.65,3.21,5.5,3.79,111.75,0,0,32.26,0,0,47.83,0,0,32.16,0,0,2.99,26.47,22.53,89.11,22.58,84.24,29.56,62.67,29.44,72.13,39.02,24.25
4.7,1.51,5.11,2.56,2.53,5.5,4.2,111.56,0,0,32.38,0,0,48.74,0,0,32.11,0,0,2.99,26.58,21.72,88.12,21.77,84.26,29.67,61.14,29.54,72.43,39.12,23.44
4.76,0.86,5.1,2.89,1.73,5.5,4.6,111.54,0,0,0,0,0,49.92,0,0,31.71,0,0,2.99,26.59,24.05,73.56,24.01,85.95,29.76,61.74,29.65,73.94,39.15,25.41
4.71,0.64,4.75,2.88,1.75,5.28,3.78,115.69,0,0,0,0,0,49.47,37.64,0,0,0,94.54,2.99,24.23,26.97,73.53,26.94,86.03,26.98,84.14,26.98,56.96,29.59,28.69
4.31,1.1,4.42,3.11,2.23,5.05,2.55,118.54,0,0,0,0,0,49.7,35.25,0,30.55,0,82,2.99,22.59,26.78,71.92,26.74,86.83,19.37,80.91,19.26,67.48,29.31,28.41
3.82,1.53,4.03,3.19,2.53,5.24,2.73,117.69,0,0,0,0,0,49.73,35.23,0,30.69,0,64.66,2.99,23.08,29.43,71.33,29.43,59.52,19.8,81.37,19.69,67.43,31.69,30.79
3.39,2.1,3.64,3.31,2.86,5.42,2.82,119.72,0,0,0,0,0,50.3,34.76,0,30.6,0,71.29,2.99,21.91,27.27,69.46,27.23,83.8,18.65,81.04,18.54,66.58,29.75,28.85
2.91,2.31,3.19,3.04,3.15,5.49,2.56,119.47,0,0,0,0,0,50.08,34.91,0,30.58,0,70.49,2.99,22.06,27.44,68.24,27.4,83.49,18.73,80.85,18.62,66.73,29.92,29.02
2.46,2.3,3.25,2.8,3.36,5.5,2.53,119.72,0,0,35.8,0,0,49.58,34.53,0,30.46,0,72.88,2.99,21.91,26.53,87.24,26.6,83.83,18.66,81.45,18.55,67.07,29.45,28.55
2.03,2.15,3.68,2.93,3.66,5.5,2.36,119.98,0,0,35.44,0,0,49.41,34.32,0,29.47,0,72.32,2.99,21.76,26.41,87.74,26.48,84.62,18.76,81.88,18.65,70.34,29.31,28.41
1.64,2.15,4.13,3.13,4,5.5,2.93,119.02,0,0,35.05,0,0,48.93,0,0,31.07,0,77.34,2.99,22.32,26.5,88.52,26.57,85.17,25.54,64.03,25.42,71.91,29.43,28.53
1.36,2.07,4.58,3.49,3.42,5.5,3.53,118.25,0,0,33.11,0,0,48.21,0,0,30.45,0,80.53,2.99,22.76,26.51,91.74,26.57,86.18,25.96,63.46,25.85,74.39,29.41,28.51
1.16,2.05,5.12,4.07,2.84,5.5,4.45,118.09,0,0,32.37,0,0,48.03,0,0,29.52,0,81,2.99,22.85,26.52,92.94,26.58,88.63,26.11,63.57,26.01,77.53,29.4,28.5
1.13,2.3,5.29,4.38,2.39,5.33,4.03,116.99,0,0,0,0,0,0,0,0,0,0,60.64,2.99,23.48,29.88,76.3,29.88,68.31,28.77,63.44,28.77,60.87,32.12,31.22
1.23,2.94,5.07,3.55,2.02,5.11,3.19,117.68,0,0,0,0,0,0,0,0,0,0,55.45,2.99,23.09,30.12,75.96,30.12,67.09,28.7,62.54,28.7,60.6,32.34,31.44
1.23,3.42,4.85,3.12,1.53,4.89,2.58,117.29,0,0,0,0,0,49.17,0,0,0,0,70.18,2.99,23.31,28.6,73.22,28.56,87.29,28.74,61.11,28.74,57.52,31.07,30.17
1.01,3.58,4.49,3.81,1.95,5.11,2.93,119.6,0,0,0,0,0,49.74,34.87,0,29.98,0,57.37,2.99,21.98,28.45,71.97,28.41,86.46,18.61,80.8,18.5,68.58,30.86,29.96
0.99,3.81,4.11,4.25,2.32,5.38,3.39,99.35,99.37,0,0,0,0,50,34.42,0,30.38,0,65.44,2.97,33.32,28.83,72.79,28.79,85.86,18.91,81.87,18.8,67.56,31.28,30.38
0.86,4.01,3.77,4.54,2.81,5.5,3.44,98.36,98.38,0,0,0,0,0,34.83,0,29.66,0,53.81,2.97,33.85,30.71,69.9,30.71,64.37,19.34,81.6,19.23,70.31,32.92,32.02
0.82,4.5,3.33,3,3.17,5.5,3.81,98.4,98.42,0,0,0,0,50.75,34.68,0,30.14,0,63.72,2.97,33.83,29.45,70.99,29.4,84.24,19.27,81.78,19.17,68.73,31.9,31
0.78,4.63,2.95,3.26,3.53,5.5,3.76,98.78,98.8,0,36.57,0,0,50.74,34.78,0,29.78,0,65.31,2.97,33.62,28.62,88.01,28.69,85.16,19.15,81.51,19.05,69.76,31.52,30.62
0.69,4.41,3.42,3.3,3.79,5.5,3.97,97.72,97.74,0,35.42,0,0,50.71,34.46,0,30.13,0,69.79,2.97,34.2,28.6,89.98,28.67,86.77,19.53,82.42,19.43,69.02,31.49,30.59
0.74,4.26,3.93,3.34,3.89,5.5,3.98,97.71,97.73,0,35.28,0,0,50.55,0,0,31.55,0,72.17,2.97,34.2,28.51,90.14,28.58,86.63,25.97,63.79,25.86,70.69,31.41,30.51
0.86,4.13,4.44,3.43,3.28,5.5,4.16,97.63,97.65,0,35.61,0,0,50.51,0,0,31.27,0,73.76,2.97,34.24,28.39,89.44,28.46,85.49,26.11,62.86,25.99,71.8,31.31,30.41
0.98,4.01,4.9,3.5,2.62,5.5,4.54,97.48,97.5,0,35.47,0,0,50.56,0,0,31.51,0,67.99,2.97,34.32,29.61,90.89,29.72,63.52,26.2,61.66,26.08,71.06,32.09,31.19
1.1,4.34,5.4,3.67,1.88,5.5,4.69,96.41,96.43,0,0,0,0,50.79,0,0,30.98,0,60.23,2.98,34.9,31.34,72.87,31.34,64.84,26.8,60.65,26.68,73.46,33.59,32.69
1.28,4.6,5.02,3.73,1.71,5.21,3.42,97.44,97.46,0,0,0,0,50.09,37.26,0,0,0,68.35,2.97,34.35,29.67,74.51,29.63,85.6,25.56,83.44,25.56,57.78,32.14,31.24
1.33,4.78,4.71,4.15,2.15,4.99,2.36,97.16,97.18,0,0,0,0,50.28,34.93,0,30.76,0,67.43,2.97,34.5,29.82,72.36,29.78,85.49,19.83,81.93,19.72,67.22,32.29,31.39
1.33,4.95,4.33,4.43,2.62,5.17,2.48,97.87,97.89,0,0,0,0,50.5,35.21,0,30.87,0,63.62,2.97,34.12,29.92,71.61,29.88,86.81,19.44,81.06,19.33,66.48,32.37,31.47
1.27,5.09,3.94,3.73,2.9,5.26,2.28,97.89,97.91,0,0,0,0,0,34.98,0,30.84,0,62.49,2.97,34.1,30,70.03,29.96,84.48,19.46,81.48,19.35,66.61,32.45,31.55
1.22,5.2,3.5,2.98,3.22,5.37,2.18,98.2,98.22,0,0,0,0,49.05,35.1,0,30.81,0,60.22,2.97,33.94,30.08,69.68,30.04,84.49,19.27,81.08,19.16,66.5,32.51,31.61
1.15,5.29,3.07,3,3.43,5.45,2.06,98.49,98.51,0,0,0,0,48.82,34.79,0,30.87,0,58.03,2.97,33.78,30.14,68.13,30.09,84.6,19.16,81.49,19.04,66.19,32.56,31.66
1.04,5.07,3.37,2.97,3.7,5.48,1.8,98.55,98.57,0,36.75,0,0,48.46,34.52,0,30.86,0,64.03,2.97,33.75,28.97,87.98,29.04,84.33,19.17,81.97,19.06,66.24,31.87,30.97
0.95,4.82,3.82,2.96,4.03,5.5,1.68,98.33,98.35,0,36.14,0,0,47.46,0,0,31.53,0,66.84,2.97,33.87,28.86,88.97,28.93,84.68,25.86,63.03,25.74,70.65,31.76,30.86
1.01,4.61,4.29,3.3,3.28,5.5,2.24,96.78,96.8,0,33.36,0,0,46.18,0,0,31.86,0,73.76,2.98,34.7,28.95,93.79,29.01,86.28,26.45,63.38,26.33,70.1,31.84,30.94
1.17,4.52,4.89,3.92,2.71,5.5,2.6,96.78,96.8,0,34.13,0,0,46.33,0,0,31.09,0,74.84,2.98,34.7,28.87,92.44,28.93,87.57,26.64,62.96,26.53,72.93,31.76,30.86
1.34,4.63,5.23,4.35,2.17,5.5,3.4,95.14,95.16,0,0,0,0,47.84,0,0,30.2,0,60.22,2.98,35.58,32.18,76.37,32.18,67.48,27.59,62.89,27.48,76.85,34.42,33.52
1.59,5.27,5.02,3.79,1.72,5.5,4.66,94.57,94.59,0,0,0,0,0,0,0,29.57,0,59.06,2.98,35.88,32.72,77.22,32.72,68.22,28.06,62.99,27.95,79.32,34.95,34.05
2.04,5.3,4.89,3.13,1.75,5.35,4.28,89.28,89.3,0,0,0,0,0,38.21,0,0,0,0,2.98,38.67,28.37,76.01,28.33,87.13,29.56,85.65,29.56,59.93,42.11,29.74
2.52,4.78,4.68,3.47,2.35,5.07,3.07,90.39,90.41,0,0,0,0,49.63,37.82,0,0,0,0,2.98,38.09,27.86,75.32,27.82,87.01,29.27,86.09,29.27,58.19,41.55,29.23
2.87,4.26,4.44,3.99,2.92,5.1,2.83,90.89,90.91,0,0,0,0,49.45,35.88,0,30.95,0,0,2.98,37.83,29.26,74.14,29.26,63.93,22.89,83.33,22.78,69.66,41.01,30.45
3.18,4.26,4.15,4.51,3.37,5.41,3.45,92,92.01,0,0,0,0,0,35.36,0,31.11,0,0,2.98,37.25,29.26,73.33,29.26,63.94,22.55,83.89,22.43,68.77,40.46,30.45
3.43,3.83,3.83,3.42,3.88,5.5,3.87,92.37,92.39,0,0,0,0,0,35.67,0,30.79,0,0,2.98,37.05,26.82,70.59,26.78,83.51,22.47,83.27,22.36,69.77,40.32,28.19
3.73,3.3,3.42,2.93,3.47,5.5,4.07,89.93,89.94,0,0,0,0,51.26,0,0,32.24,0,0,2.98,38.34,26.28,70.42,26.24,82.87,30.83,61.8,30.71,73.12,42.17,27.66
4.12,2.76,3.01,3.01,2.63,5.5,4.59,89.76,89.78,0,0,0,0,50.86,0,0,32.2,0,0,2.98,38.42,25.8,69.43,25.76,83.94,31.08,62.6,30.96,73.52,42.36,27.18
4.58,1.97,3.21,3.28,2.04,5.27,3.7,110.85,0,0,33.8,0,0,49.15,0,0,0,0,0,2.99,26.98,21.89,86,21.95,82.51,32.72,61.55,32.72,55.08,39.6,23.64
4.72,1.11,3.62,3.17,1.37,5.09,2.5,112.7,0,0,32.43,0,0,48.67,35.96,0,31.08,0,0,2.99,25.93,21.18,87.5,21.23,81.66,22.34,82.65,22.22,68.67,38.53,22.91
4.48,0.48,4.08,3.9,1.89,5.34,2.94,118.66,0,0,34.82,0,0,0,34.63,0,30.52,0,92.15,2.99,22.52,24.95,87.35,25.01,83.04,19.5,82.11,19.39,67.69,27.96,27.06
3.95,0.56,4.5,2.65,2.43,5.5,3.11,118.85,0,0,33.78,0,0,47.83,34.65,0,29.71,0,90.44,2.99,22.41,25.05,89.2,25.11,84.83,19.53,82.09,19.42,70.35,28.02,27.12
3.46,0.63,4.96,2.56,2.91,5.5,3.54,119.37,0,0,33.58,0,0,48.74,34.43,0,29.56,0,87.47,2.99,22.11,25.08,89.56,25.14,84.05,19.24,82.18,19.13,70.53,28.04,27.14
2.97,0.75,5.23,2.89,3.36,5.5,3.94,119.09,0,0,0,0,0,49.92,34.04,0,29.29,0,81.63,2.99,22.27,26.34,74.59,26.3,84.11,19.51,83.1,19.41,71.66,28.88,27.98
2.54,1.07,4.92,2.88,3.9,5.5,4.49,119.56,0,0,0,0,0,49.47,34.23,0,29.35,0,77.65,2.99,22,26.51,73.42,26.47,84.58,19.12,82.4,19.01,71.08,29.02,28.12
2.24,1.41,4.58,3.11,3.46,5.41,4.38,117.73,0,0,0,0,0,49.7,0,0,0,0,83.76,2.99,23.06,27.09,69.23,27.05,84.18,29.04,62.85,29.04,55.17,29.64,28.74
2.01,1.75,4.09,3.19,2.77,5.03,2.48,119.09,0,0,0,0,0,49.73,0,0,32.33,0,75.9,2.99,22.27,27.11,70.75,27.07,84.75,25.39,60.57,25.26,67.36,29.61,28.71
1.7,2.02,3.67,3.31,1.86,5.18,2.43,119.58,0,0,0,0,0,50.3,0,0,32.31,0,72.17,2.99,21.99,27.22,69.54,27.18,83.94,25.07,59.86,24.95,67.13,29.71,28.81
1.32,2.19,3.23,3.04,1.65,5.27,2.24,121.07,0,0,0,0,0,50.08,34.69,0,30.37,0,62.79,2.99,21.13,27.14,68.21,27.1,83.64,17.69,80.2,17.58,66.37,29.58,28.68
0.97,2.17,3.19,2.8,2,5.36,2.12,98.76,98.78,0,34.7,0,0,49.58,35.14,0,30.67,0,82.74,2.97,33.63,26.57,89.18,26.64,83.89,18.99,80.72,18.88,66.7,29.53,28.63
0.85,2.15,3.7,2.93,2.32,5.48,2.11,98.88,98.9,0,34.81,0,0,49.41,34.47,0,30.16,0,82.15,2.97,33.57,26.55,88.98,26.62,84.87,19.17,82.04,19.06,68.56,29.5,28.6
0.73,2.13,4.18,3.13,2.82,5.5,2.91,97.52,97.54,0,33.46,0,0,48.93,34.26,0,29.27,0,86.97,2.97,34.3,26.59,91.26,26.65,86.74,19.96,83.2,19.86,72.17,29.54,28.64
0.74,2.18,4.71,3.49,3.41,5.5,3.69,97.86,97.88,0,33.57,0,0,48.21,34.05,0,29.1,0,85.46,2.97,34.12,26.63,91.12,26.69,86.73,19.93,83.52,19.83,72.65,29.57,28.67
0.75,2.49,5.24,4.07,3.99,5.5,4.45,97.33,97.35,0,33.41,0,0,48.03,33.88,0,28.51,0,75.16,2.97,34.41,28.6,93.35,28.7,66.81,20.27,84.13,20.17,74.8,31.1,30.2
1.01,3.16,5.2,4.38,3.59,5.37,4.39,95.41,95.43,0,0,0,0,0,0,0,0,0,85.17,2.98,35.44,28.97,76.24,28.93,88.36,29.84,64.51,29.84,60.85,31.52,30.62
1.32,3.54,4.99,3.55,3.19,5.14,3.43,95.72,95.73,0,0,0,0,0,0,0,0,0,82.55,2.98,35.27,29.19,75.31,29.15,87.43,29.9,63.93,29.9,58.64,31.73,30.83
1.56,3.88,4.73,3.12,2.75,4.98,2.59,96.36,96.38,0,0,0,0,49.17,0,0,31.94,0,77.42,2.98,34.93,29.3,74.84,29.26,87.33,26.89,63.03,26.77,70.24,31.81,30.91
1.74,4.36,4.46,3.81,2.21,5.31,3.3,95.71,95.73,0,0,0,0,49.74,0,0,31.96,0,62.06,2.98,35.28,31.73,74.63,31.73,65.47,27.27,62.32,27.15,70.57,33.98,33.08
1.91,4.88,4.19,4.25,1.64,5.5,4.08,97.04,97.06,0,0,0,0,50,0,0,30.86,0,69.7,2.97,34.56,29.99,72.55,29.95,85.73,26.98,61.37,26.87,74.06,32.47,31.57
1.88,5.06,3.84,4.54,1.86,5.5,4.74,96.78,96.8,0,0,0,0,0,35.37,0,29.84,0,68.48,2.98,34.7,30.12,70.26,30.08,84.91,20.43,81.75,20.32,70.85,32.59,31.69
1.94,5.25,3.41,3,2.35,5.21,3.39,97.17,97.19,0,0,0,0,50.75,37.46,0,0,0,66.66,2.97,34.49,30.26,70.43,30.21,84.55,26.01,83.5,26.01,54.86,32.72,31.82
1.91,5.4,3.01,3.26,2.69,5.08,2.43,97.03,97.05,0,0,0,0,50.74,34.98,0,30.86,0,65.21,2.98,34.57,30.39,71.13,30.35,86,20.17,82.19,20.06,67.23,32.84,31.94
1.85,5.22,3.5,3.3,3.12,5.25,2.52,97.04,97.06,0,36.34,0,0,50.71,34.87,0,30.87,0,70.09,2.97,34.56,29.36,89.1,29.43,85.81,20.18,82.37,20.06,67.23,32.27,31.37
1.79,5.05,3.98,3.34,3.53,5.41,2.58,97.69,97.71,0,36.05,0,0,50.55,34.77,0,30.7,0,68.84,2.97,34.21,29.16,89.43,29.23,85.6,19.92,82.29,19.81,67.52,32.07,31.17
1.69,4.86,4.46,3.43,3.89,5.5,2.82,97.13,97.15,0,34.89,0,0,50.51,34.64,0,30.05,0,71.63,2.97,34.52,29.1,91.39,29.16,85.9,20.33,82.92,20.22,70.08,32,31.1
1.73,4.74,4.99,3.5,3.68,5.5,3.3,96.53,96.55,0,35.57,0,0,50.56,0,0,31.21,0,68.46,2.98,34.84,30.33,91.44,30.44,64.24,27.03,63.09,26.91,72.91,32.82,31.92
1.87,5.16,5.16,3.67,2.99,5.5,3.98,96.07,96.09,0,0,0,0,50.79,0,0,31.63,0,58.04,2.98,35.08,32,72.68,31.99,65.46,27.23,61.93,27.12,71.67,34.23,33.33
2,5.43,4.78,3.73,2.24,5.5,4.33,95.98,96,0,0,0,0,50.09,0,0,31.23,0,70.2,2.98,35.13,30.53,73.57,30.49,85.27,27.39,61.83,27.27,73.2,33.02,32.12
2.28,5.26,4.44,4.15,1.58,5.5,4.92,89.82,89.84,0,0,0,0,50.28,0,0,0,0,0,2.98,38.39,28.26,72.14,28.22,85.32,33.41,61.09,33.41,58.04,42.29,29.64
2.67,4.73,4.07,4.43,2,5.12,3.15,93.22,93.24,0,0,0,0,50.5,38.24,0,0,0,0,2.98,36.6,27.73,71.42,27.69,84.77,27.88,83.9,27.88,55.18,39.9,29.11
2.89,4.2,3.67,3.73,2.35,4.97,2.13,93.04,93.05,0,0,0,0,0,35.82,0,31.54,0,0,2.98,36.7,27.22,70.85,27.18,84.7,21.68,82.22,21.56,66.44,39.78,28.59
3.1,3.67,3.28,2.98,2.74,5.06,1.94,93.46,93.48,0,0,0,0,49.05,35.99,0,31.48,0,0,2.98,36.47,26.66,66.11,26.62,83.46,21.53,81.78,21.41,66.5,39.61,28.04
3.27,3.05,2.95,3,3.02,5.16,1.83,94.46,94.48,0,34.77,0,0,48.82,36.1,0,31.48,0,0,2.98,35.94,22.78,85.27,22.85,82.28,21.11,81.15,20.99,66.06,39.14,24.56
3.36,2.16,3.34,2.97,3.15,5.19,1.53,93.37,93.39,0,33.83,0,0,48.46,35.94,0,31.62,0,0,2.98,36.52,22.05,86.12,22.12,82.37,21.67,82,21.55,66.13,39.74,23.81
3.52,1.29,3.74,2.96,3.4,5.24,1.34,91.14,91.16,0,32.46,0,0,47.46,35.39,0,31.43,0,0,2.98,37.7,21.47,87.75,21.52,83.81,23.03,84.32,22.91,68.17,41.04,23.19
3.79,0.45,4.2,3.3,3.95,5.47,1.85,95.36,95.38,0,32.93,0,0,46.18,34.55,0,30.78,0,109.43,2.98,35.46,25.52,91.04,25.58,86.31,22.04,84.79,21.93,69.4,28.61,27.71
3.76,0.76,4.73,3.92,3.53,5.5,2.98,94.59,94.6,0,32.81,0,0,46.33,0,0,30.78,0,110.49,2.98,35.88,25.9,91.62,25.96,87.21,28.95,64.13,28.83,76.29,29,28.1
3.8,1.15,5.27,4.35,3.06,5.5,4.18,93.75,93.77,0,32.62,0,0,47.84,0,0,30.11,0,96.83,2.98,36.32,28.84,94.87,28.93,68.23,29.36,64.2,29.26,78.91,31.47,30.57
4.02,2.01,5.29,3.79,2.72,5.38,4.24,91.94,91.96,0,0,0,0,0,0,0,0,0,85.97,2.98,37.28,31.92,76.82,31.92,67.75,32.78,63.86,32.78,61.04,34.3,33.4
4.31,2.82,5.1,3.13,2.37,5.16,3.39,92.53,92.55,0,0,0,0,0,0,0,0,0,99.61,2.98,36.97,29.49,76.54,29.45,88.84,32.61,63.35,32.61,60.54,32.14,31.24
4.49,3.34,4.91,3.47,1.99,4.93,2.67,112.89,0,0,0,0,0,49.63,0,0,0,0,89.4,2.99,25.82,29.37,75.77,29.33,88.6,31.83,62.72,31.83,59.15,31.95,31.05
4.33,3.85,4.68,3.99,1.54,5.15,3.15,113.45,0,0,0,0,0,49.45,0,0,32.27,0,65.49,2.99,25.51,31.94,75.01,31.94,65.73,28.9,61.84,28.78,71.09,34.2,33.3
4.06,4.5,4.43,4.51,2.06,5.47,3.8,115.12,0,0,0,0,0,0,35.44,0,30.53,0,58.31,2.99,24.55,31.54,73.11,31.54,65.24,21.38,82.59,21.27,69.55,33.78,32.88
3.72,4.54,4.09,3.42,2.56,5.5,4.5,117.16,0,0,0,0,0,0,35.19,0,29.63,0,66.63,2.99,23.39,29.15,71.01,29.07,107.95,20.4,82.04,20.3,71.47,31.78,30.88
3.36,4.62,3.68,2.93,2.98,5.41,4.38,116.79,0,0,0,0,0,51.26,37.16,0,0,0,66.54,2.99,23.6,29.66,69.81,29.61,86.04,26.26,84.32,26.26,57.03,32.11,31.21
3.07,4.78,3.24,3.01,3.41,5,2.5,117.28,0,0,0,0,0,50.86,37.02,0,0,0,62.88,2.99,23.32,29.73,69.83,29.69,85.86,25.97,84.28,25.97,54.35,32.17,31.27
2.69,4.71,3.2,3.95,3.75,4.97,1.92,119.05,0,0,35.99,0,0,49.15,34.21,0,30.87,0,58.71,2.99,22.3,28.49,88.86,28.56,85.22,19.06,82.38,18.95,66.09,31.34,30.44
2.34,4.44,3.68,3.87,3.74,5.06,1.78,117.66,0,0,36.26,0,0,48.67,0,0,32.57,0,67.3,2.99,23.1,28.5,88.4,28.57,84.88,26.23,62.25,26.1,67.36,31.4,30.5
2.09,4.23,4.14,3.69,2.92,5.23,1.87,118.14,0,0,35.99,0,0,0,0,0,32.47,0,66.4,2.99,22.82,28.3,88.68,28.37,85.57,25.93,61.73,25.81,67.4,31.18,30.28
1.84,4.03,4.59,3.8,2.15,5.38,1.95,118.86,0,0,35.68,0,0,47.83,0,0,32.55,0,64.68,2.99,22.4,28.05,88.96,28.12,85.24,25.48,59.93,25.36,66.68,30.92,30.02
1.53,3.78,5.03,3.8,1.57,5.42,1.68,121.03,0,0,36.15,0,0,48.74,34.87,0,30.44,0,56.02,2.99,21.15,27.45,87.54,27.52,84.53,17.67,79.86,17.56,66.13,30.29,29.39
1.12,3.54,5.2,3.58,1.86,5.48,1.59,121.16,0,0,0,0,0,49.92,34.94,0,30.46,0,49.44,2.99,21.07,28.35,70.79,28.31,84.61,17.52,79.6,17.41,65.91,30.73,29.83
0.92,3.66,4.75,3.41,2.08,5.5,1.4,98.84,98.86,0,0,0,0,49.47,35.18,0,30.9,0,68.28,2.97,33.59,28.73,69.72,28.69,84.54,18.82,80.49,18.71,65.77,31.2,30.3
0.81,3.84,4.27,3.22,2.36,5.45,1.08,98.88,98.9,0,0,0,0,49.7,35.03,0,30.85,0,66.63,2.97,33.57,28.86,70.21,28.82,84.44,18.8,80.72,18.68,65.91,31.33,30.43
0.7,4,3.83,3.05,2.64,5.5,1.24,99.27,99.28,0,0,0,0,49.73,33.73,0,22.34,22.31,63.13,2.97,33.36,28.94,69.1,28.9,84.4,15.08,79.26,14.85,85.18,31.39,30.49
0.56,4.12,3.36,2.91,2.83,5.5,2.56,98.91,98.93,0,0,0,0,50.3,33.28,0,22.87,22.83,63.21,2.97,33.56,29.07,69.13,29.03,85.09,15.02,79.94,14.79,83.99,31.52,30.62
0.47,4.19,3.09,3.02,3.16,5.5,2.87,99.1,99.12,0,36.17,0,0,50.08,34.35,0,29.75,0,66.41,2.97,33.45,28.22,88.27,28.29,84.62,18.98,82.06,18.87,69.67,31.12,30.22
0.39,3.98,3.55,3.01,3.58,5.5,3.23,98.29,98.31,0,36.06,0,0,49.58,34.33,0,29.45,0,70.17,2.97,33.89,28.15,88.39,28.22,85.69,19.35,82.45,19.24,70.98,31.05,30.15
0.39,3.81,4.02,3.28,4,5.5,3.77,98.55,98.57,0,35.35,0,0,49.41,34.16,0,29.57,0,70.27,2.97,33.75,28.03,89.52,28.1,86.71,19.27,82.66,19.16,70.54,30.92,30.02
0.5,3.69,4.5,3.72,3.31,5.5,4.27,97.42,97.44,0,35.29,0,0,48.93,0,0,30.73,0,76.86,2.97,34.36,28.02,89.62,28.09,85.77,26.08,62.67,25.97,73.59,30.95,30.05
0.66,3.61,4.97,3.9,2.61,5.5,4.95,96.87,96.89,0,33.47,0,0,48.21,0,0,0,0,81.68,2.98,34.66,28.04,92.7,28.1,87.05,29.1,62.9,29.1,60.38,30.96,30.06
0.92,3.68,5.33,4.31,2.08,5.22,3.65,95.94,95.96,0,0,0,0,48.03,0,0,0,0,80.18,2.98,35.15,29.28,76.64,29.24,89.16,29.62,62.82,29.62,59.34,31.8,30.9
1.23,4.2,5.13,4.17,1.63,4.95,2.54,95.12,95.14,0,0,0,0,0,0,0,31.72,0,62.4,2.98,35.59,31.92,75.68,31.92,69.26,27.32,62.84,27.21,71.45,34.17,33.27
